stamp,lat,lon,alt,cov_x,cov_y,cov_z,status,service,rtk_mode,source
1621218775.000000,22.3010703333,114.1790446667,3.8000,35.402500,35.402500,90.630400,0,15,single,ublox_m8t_gej
1621218776.000000,22.3010636667,114.1790498333,3.3000,25.000000,25.000000,64.000000,0,15,single,ublox_m8t_gej
1621218777.000000,22.3010573333,114.1790545000,2.9000,37.210000,37.210000,95.257600,0,15,single,ublox_m8t_gej
1621218778.000000,22.3010520000,114.1790578333,2.7000,25.000000,25.000000,64.000000,0,15,single,ublox_m8t_gej
1621218779.000000,22.3010463333,114.1790616667,2.5000,25.000000,25.000000,64.000000,0,15,single,ublox_m8t_gej
1621218780.000000,22.3010411667,114.1790636667,2.6000,37.210000,37.210000,95.257600,0,15,single,ublox_m8t_gej
1621218781.000000,22.3010365000,114.1790650000,2.9000,25.000000,25.000000,64.000000,0,15,single,ublox_m8t_gej
1621218782.000000,22.3010318333,114.1790651667,3.1000,25.000000,25.000000,64.000000,0,15,single,ublox_m8t_gej
1621218783.000000,22.3010263333,114.1790648333,3.1000,25.000000,25.000000,64.000000,0,15,single,ublox_m8t_gej
1621218784.000000,22.3010200000,114.1790645000,3.3000,25.000000,25.000000,64.000000,0,15,single,ublox_m8t_gej
1621218785.000000,22.3010131667,114.1790611667,3.5000,25.000000,25.000000,64.000000,0,15,single,ublox_m8t_gej
1621218786.000000,22.3010043333,114.1790566667,3.6000,34.810000,34.810000,89.113600,0,15,single,ublox_m8t_gej
1621218787.000000,22.3009940000,114.1790506667,4.0000,25.000000,25.000000,64.000000,0,15,single,ublox_m8t_gej
1621218788.000000,22.3009840000,114.1790460000,3.8000,25.000000,25.000000,64.000000,0,15,single,ublox_m8t_gej
1621218789.000000,22.3009748333,114.1790405000,3.9000,25.000000,25.000000,64.000000,0,15,single,ublox_m8t_gej
1621218790.000000,22.3009655000,114.1790386667,4.2000,25.000000,25.000000,64.000000,0,15,single,ublox_m8t_gej
1621218791.000000,22.3009565000,114.1790361667,4.5000,25.000000,25.000000,64.000000,0,15,single,ublox_m8t_gej
1621218792.000000,22.3009525000,114.1790286667,4.4000,25.000000,25.000000,64.000000,0,15,single,ublox_m8t_gej
1621218793.000000,22.3009420000,114.1790240000,5.2000,25.000000,25.000000,64.000000,0,15,single,ublox_m8t_gej
1621218794.000000,22.3009266667,114.1790228333,6.5000,27.562500,27.562500,70.560000,0,15,single,ublox_m8t_gej
1621218795.000000,22.3009106667,114.1790218333,6.9000,46.922500,46.922500,120.121600,0,15,single,ublox_m8t_gej
1621218796.000000,22.3008956667,114.1790213333,7.6000,50.410000,50.410000,129.049600,0,15,single,ublox_m8t_gej
1621218797.000000,22.3008786667,114.1790205000,8.8000,57.002500,57.002500,145.926400,0,15,single,ublox_m8t_gej
1621218798.000000,22.3008648333,114.1790205000,9.8000,25.000000,25.000000,64.000000,0,15,single,ublox_m8t_gej
1621218799.000000,22.3008535000,114.1790233333,10.8000,43.560000,43.560000,111.513600,0,15,single,ublox_m8t_gej
1621218800.000000,22.3008378333,114.1790348333,11.8000,26.010000,26.010000,66.585600,0,15,single,ublox_m8t_gej
1621218801.000000,22.3008243333,114.1790376667,12.2000,36.000000,36.000000,92.160000,0,15,single,ublox_m8t_gej
1621218802.000000,22.3008128333,114.1790393333,12.8000,121.000000,121.000000,309.760000,0,15,single,ublox_m8t_gej
1621218803.000000,22.3007985000,114.1790425000,12.8000,43.560000,43.560000,111.513600,0,15,single,ublox_m8t_gej
1621218804.000000,22.3007846667,114.1790431667,13.1000,455.822500,455.822500,1166.905600,0,15,single,ublox_m8t_gej
1621218805.000000,22.3007698333,114.1790440000,13.5000,49.000000,49.000000,125.440000,0,15,single,ublox_m8t_gej
1621218806.000000,22.3007538333,114.1790461667,13.5000,49.000000,49.000000,125.440000,0,15,single,ublox_m8t_gej
1621218807.000000,22.3007318333,114.1790540000,12.2000,49.000000,49.000000,125.440000,0,15,single,ublox_m8t_gej
1621218808.000000,22.3007171667,114.1790560000,12.6000,141.610000,141.610000,362.521600,0,15,single,ublox_m8t_gej
1621218809.000000,22.3007030000,114.1790570000,13.5000,66.422500,66.422500,170.041600,0,15,single,ublox_m8t_gej
1621218810.000000,22.3006856667,114.1790605000,14.6000,42.902500,42.902500,109.830400,0,15,single,ublox_m8t_gej
1621218811.000000,22.3006713333,114.1790618333,15.5000,57.760000,57.760000,147.865600,0,15,single,ublox_m8t_gej
1621218812.000000,22.3006575000,114.1790626667,16.4000,57.760000,57.760000,147.865600,0,15,single,ublox_m8t_gej
1621218813.000000,22.3006438333,114.1790633333,17.5000,57.760000,57.760000,147.865600,0,15,single,ublox_m8t_gej
1621218814.000000,22.3006303333,114.1790638333,18.6000,59.290000,59.290000,151.782400,0,15,single,ublox_m8t_gej
1621218815.000000,22.3006161667,114.1790646667,19.7000,43.560000,43.560000,111.513600,0,15,single,ublox_m8t_gej
1621218816.000000,22.3006001667,114.1790695000,20.1000,27.562500,27.562500,70.560000,0,15,single,ublox_m8t_gej
1621218817.000000,22.3005865000,114.1790706667,20.8000,88.360000,88.360000,226.201600,0,15,single,ublox_m8t_gej
1621218818.000000,22.3005721667,114.1790721667,21.6000,152.522500,152.522500,390.457600,0,15,single,ublox_m8t_gej
1621218819.000000,22.3005576667,114.1790733333,22.6000,44.222500,44.222500,113.209600,0,15,single,ublox_m8t_gej
1621218820.000000,22.3005416667,114.1790775000,23.8000,26.522500,26.522500,67.897600,0,15,single,ublox_m8t_gej
1621218821.000000,22.3005231667,114.1790851667,24.9000,25.000000,25.000000,64.000000,0,15,single,ublox_m8t_gej
1621218822.000000,22.3005078333,114.1790893333,25.5000,34.222500,34.222500,87.609600,0,15,single,ublox_m8t_gej
1621218823.000000,22.3004935000,114.1790911667,26.3000,78.322500,78.322500,200.505600,0,15,single,ublox_m8t_gej
1621218824.000000,22.3004793333,114.1790925000,27.1000,78.322500,78.322500,200.505600,0,15,single,ublox_m8t_gej
1621218825.000000,22.3004661667,114.1790936667,27.9000,61.622500,61.622500,157.753600,0,15,single,ublox_m8t_gej
1621218826.000000,22.3004533333,114.1790938333,28.8000,57.760000,57.760000,147.865600,0,15,single,ublox_m8t_gej
1621218827.000000,22.3004390000,114.1790968333,29.7000,28.090000,28.090000,71.910400,0,15,single,ublox_m8t_gej
1621218828.000000,22.3004246667,114.1790978333,30.5000,39.690000,39.690000,101.606400,0,15,single,ublox_m8t_gej
1621218829.000000,22.3004085000,114.1791033333,31.0000,25.000000,25.000000,64.000000,0,15,single,ublox_m8t_gej
1621218830.000000,22.3003953333,114.1791043333,31.6000,349.690000,349.690000,895.206400,0,15,single,ublox_m8t_gej
1621218831.000000,22.3003803333,114.1791075000,32.2000,33.062500,33.062500,84.640000,0,15,single,ublox_m8t_gej
1621218832.000000,22.3003663333,114.1791093333,32.7000,368.640000,368.640000,943.718400,0,15,single,ublox_m8t_gej
1621218833.000000,22.3003508333,114.1791133333,33.2000,105.062500,105.062500,268.960000,0,15,single,ublox_m8t_gej
1621218834.000000,22.3003348333,114.1791180000,34.1000,33.640000,33.640000,86.118400,0,15,single,ublox_m8t_gej
1621218835.000000,22.3003140000,114.1791275000,34.2000,37.210000,37.210000,95.257600,0,15,single,ublox_m8t_gej
1621218836.000000,22.3002855000,114.1791473333,33.8000,34.810000,34.810000,89.113600,0,15,single,ublox_m8t_gej
1621218837.000000,22.3002600000,114.1791618333,33.7000,31.360000,31.360000,80.281600,0,15,single,ublox_m8t_gej
1621218838.000000,22.3002380000,114.1791733333,33.8000,33.640000,33.640000,86.118400,0,15,single,ublox_m8t_gej
1621218839.000000,22.3002161667,114.1791841667,33.9000,27.040000,27.040000,69.222400,0,15,single,ublox_m8t_gej
1621218840.000000,22.3001976667,114.1791953333,34.2000,33.640000,33.640000,86.118400,0,15,single,ublox_m8t_gej
1621218841.000000,22.3001813333,114.1792016667,34.8000,49.000000,49.000000,125.440000,0,15,single,ublox_m8t_gej
1621218842.000000,22.3001663333,114.1792031667,35.7000,102.010000,102.010000,261.145600,0,15,single,ublox_m8t_gej
1621218843.000000,22.3001518333,114.1792076667,36.2000,39.062500,39.062500,100.000000,0,15,single,ublox_m8t_gej
1621218844.000000,22.3001368333,114.1792123333,37.1000,34.222500,34.222500,87.609600,0,15,single,ublox_m8t_gej
1621218845.000000,22.3001228333,114.1792140000,37.9000,117.722500,117.722500,301.369600,0,15,single,ublox_m8t_gej
1621218846.000000,22.3001081667,114.1792180000,38.9000,29.702500,29.702500,76.038400,0,15,single,ublox_m8t_gej
1621218847.000000,22.3000951667,114.1792185000,40.2000,36.000000,36.000000,92.160000,0,15,single,ublox_m8t_gej
1621218848.000000,22.3000798333,114.1792251667,40.4000,105.062500,105.062500,268.960000,0,15,single,ublox_m8t_gej
1621218849.000000,22.3000643333,114.1792308333,41.0000,26.522500,26.522500,67.897600,0,15,single,ublox_m8t_gej
1621218850.000000,22.3000516667,114.1792318333,42.5000,25.000000,25.000000,64.000000,0,15,single,ublox_m8t_gej
1621218851.000000,22.3000381667,114.1792355000,43.6000,25.000000,25.000000,64.000000,0,15,single,ublox_m8t_gej
1621218852.000000,22.3000215000,114.1792466667,44.1000,81.000000,81.000000,207.360000,0,15,single,ublox_m8t_gej
1621218853.000000,22.3000050000,114.1792568333,44.5000,25.502500,25.502500,65.286400,0,15,single,ublox_m8t_gej
1621218854.000000,22.2999891667,114.1792621667,45.1000,27.040000,27.040000,69.222400,0,15,single,ublox_m8t_gej
1621218855.000000,22.2999718333,114.1792706667,45.7000,25.000000,25.000000,64.000000,0,15,single,ublox_m8t_gej
1621218856.000000,22.2999511667,114.1792851667,46.3000,25.000000,25.000000,64.000000,0,15,single,ublox_m8t_gej
1621218857.000000,22.2999351667,114.1792960000,46.0000,25.000000,25.000000,64.000000,0,15,single,ublox_m8t_gej
1621218858.000000,22.2999195000,114.1793075000,45.5000,25.000000,25.000000,64.000000,0,15,single,ublox_m8t_gej
1621218859.000000,22.2999046667,114.1793188333,46.7000,37.822500,37.822500,96.825600,0,15,single,ublox_m8t_gej
1621218860.000000,22.2998911667,114.1793180000,47.3000,39.690000,39.690000,101.606400,0,15,single,ublox_m8t_gej
1621218861.000000,22.2998776667,114.1793201667,47.8000,25.000000,25.000000,64.000000,0,15,single,ublox_m8t_gej
1621218862.000000,22.2998643333,114.1793235000,48.5000,25.502500,25.502500,65.286400,0,15,single,ublox_m8t_gej
1621218863.000000,22.2998511667,114.1793266667,49.3000,25.000000,25.000000,64.000000,0,15,single,ublox_m8t_gej
1621218864.000000,22.2998383333,114.1793298333,50.2000,25.000000,25.000000,64.000000,0,15,single,ublox_m8t_gej
1621218865.000000,22.2998250000,114.1793320000,50.9000,28.090000,28.090000,71.910400,0,15,single,ublox_m8t_gej
1621218866.000000,22.2998106667,114.1793326667,51.7000,28.622500,28.622500,73.273600,0,15,single,ublox_m8t_gej
1621218867.000000,22.2997961667,114.1793323333,52.7000,28.622500,28.622500,73.273600,0,15,single,ublox_m8t_gej
1621218868.000000,22.2997780000,114.1793288333,54.8000,28.090000,28.090000,71.910400,0,15,single,ublox_m8t_gej
1621218869.000000,22.2997638333,114.1793271667,56.3000,60.062500,60.062500,153.760000,0,15,single,ublox_m8t_gej
1621218870.000000,22.2997485000,114.1793210000,58.2000,39.690000,39.690000,101.606400,0,15,single,ublox_m8t_gej
1621218871.000000,22.2997336667,114.1793151667,60.4000,36.602500,36.602500,93.702400,0,15,single,ublox_m8t_gej
1621218872.000000,22.2997180000,114.1793135000,61.8000,36.602500,36.602500,93.702400,0,15,single,ublox_m8t_gej
1621218873.000000,22.2997040000,114.1793123333,62.7000,58.522500,58.522500,149.817600,0,15,single,ublox_m8t_gej
1621218874.000000,22.2996873333,114.1793033333,65.6000,30.802500,30.802500,78.854400,0,15,single,ublox_m8t_gej
1621218875.000000,22.2996666667,114.1792981667,66.1000,40.322500,40.322500,103.225600,0,15,single,ublox_m8t_gej
1621218876.000000,22.2996350000,114.1792610000,65.6000,57.002500,57.002500,145.926400,0,15,single,ublox_m8t_gej
1621218877.000000,22.2996005000,114.1792635000,67.0000,104.040000,104.040000,266.342400,0,15,single,ublox_m8t_gej
1621218878.000000,22.2995661667,114.1792611667,69.1000,119.902500,119.902500,306.950400,0,15,single,ublox_m8t_gej
1621218879.000000,22.2995293333,114.1792641667,71.6000,119.902500,119.902500,306.950400,0,15,single,ublox_m8t_gej
1621218880.000000,22.2995083333,114.1792441667,73.7000,81.902500,81.902500,209.670400,0,15,single,ublox_m8t_gej
1621218881.000000,22.2994870000,114.1792356667,76.9000,82.810000,82.810000,211.993600,0,15,single,ublox_m8t_gej
1621218883.000000,22.2986508333,114.1782311667,22.7000,25.000000,25.000000,64.000000,0,15,single,ublox_m8t_gej
1621218884.000000,22.2986216667,114.1781251667,17.5000,25.000000,25.000000,64.000000,0,15,single,ublox_m8t_gej
1621218885.000000,22.2985715000,114.1780506667,14.6000,25.000000,25.000000,64.000000,0,15,single,ublox_m8t_gej
1621218886.000000,22.2984808333,114.1780083333,13.9000,25.000000,25.000000,64.000000,0,15,single,ublox_m8t_gej
1621218887.000000,22.2984205000,114.1779550000,13.3000,25.000000,25.000000,64.000000,0,15,single,ublox_m8t_gej
1621218888.000000,22.2983650000,114.1778940000,13.0000,25.000000,25.000000,64.000000,0,15,single,ublox_m8t_gej
1621218889.000000,22.2983031667,114.1778346667,13.9000,25.000000,25.000000,64.000000,0,15,single,ublox_m8t_gej
1621218890.000000,22.2982475000,114.1777713333,14.4000,25.000000,25.000000,64.000000,0,15,single,ublox_m8t_gej
1621218891.000000,22.2981913333,114.1777050000,15.1000,34.810000,34.810000,89.113600,0,15,single,ublox_m8t_gej
1621218892.000000,22.2981366667,114.1776368333,15.9000,34.810000,34.810000,89.113600,0,15,single,ublox_m8t_gej
1621218893.000000,22.2980835000,114.1775668333,17.1000,64.000000,64.000000,163.840000,0,15,single,ublox_m8t_gej
1621218894.000000,22.2980278333,114.1774998333,17.0000,44.222500,44.222500,113.209600,0,15,single,ublox_m8t_gej
1621218895.000000,22.2979725000,114.1774341667,17.4000,39.690000,39.690000,101.606400,0,15,single,ublox_m8t_gej
1621218896.000000,22.2979176667,114.1773676667,17.7000,30.250000,30.250000,77.440000,0,15,single,ublox_m8t_gej
1621218897.000000,22.2978648333,114.1772953333,17.6000,30.250000,30.250000,77.440000,0,15,single,ublox_m8t_gej
1621218898.000000,22.2978058333,114.1772265000,16.2000,37.210000,37.210000,95.257600,0,15,single,ublox_m8t_gej
1621218899.000000,22.2977498333,114.1771576667,16.6000,37.210000,37.210000,95.257600,0,15,single,ublox_m8t_gej
1621218900.000000,22.2976950000,114.1770891667,16.9000,33.640000,33.640000,86.118400,0,15,single,ublox_m8t_gej
1621218901.000000,22.2976401667,114.1770206667,17.1000,33.640000,33.640000,86.118400,0,15,single,ublox_m8t_gej
1621218902.000000,22.2975830000,114.1769538333,17.1000,37.210000,37.210000,95.257600,0,15,single,ublox_m8t_gej
1621218903.000000,22.2975215000,114.1768861667,15.8000,37.210000,37.210000,95.257600,0,15,single,ublox_m8t_gej
1621218904.000000,22.2974601667,114.1768158333,15.3000,37.210000,37.210000,95.257600,0,15,single,ublox_m8t_gej
1621218905.000000,22.2973991667,114.1767435000,15.8000,37.210000,37.210000,95.257600,0,15,single,ublox_m8t_gej
1621218906.000000,22.2973401667,114.1766733333,15.7000,33.640000,33.640000,86.118400,0,15,single,ublox_m8t_gej
1621218907.000000,22.2972836667,114.1766038333,15.5000,33.640000,33.640000,86.118400,0,15,single,ublox_m8t_gej
1621218908.000000,22.2972238333,114.1765470000,14.0000,33.640000,33.640000,86.118400,0,15,single,ublox_m8t_gej
1621218909.000000,22.2971705000,114.1764758333,14.5000,34.222500,34.222500,87.609600,0,15,single,ublox_m8t_gej
1621218910.000000,22.2971350000,114.1763913333,13.9000,44.222500,44.222500,113.209600,0,15,single,ublox_m8t_gej
1621218911.000000,22.2971193333,114.1763061667,11.3000,32.490000,32.490000,83.174400,0,15,single,ublox_m8t_gej
1621218912.000000,22.2970985000,114.1762163333,7.8000,98.010000,98.010000,250.905600,0,15,single,ublox_m8t_gej
1621218913.000000,22.2970701667,114.1761381667,4.5000,98.010000,98.010000,250.905600,0,15,single,ublox_m8t_gej
1621218914.000000,22.2970488333,114.1760565000,2.2000,98.010000,98.010000,250.905600,0,15,single,ublox_m8t_gej
1621218915.000000,22.2970155000,114.1759831667,0.3000,98.010000,98.010000,250.905600,0,15,single,ublox_m8t_gej
1621218916.000000,22.2969763333,114.1759203333,-2.4000,102.010000,102.010000,261.145600,0,15,single,ublox_m8t_gej
1621218917.000000,22.2969341667,114.1758780000,-8.6000,122.102500,122.102500,312.582400,0,15,single,ublox_m8t_gej
1621218918.000000,22.2968915000,114.1758391667,-14.8000,122.102500,122.102500,312.582400,0,15,single,ublox_m8t_gej
1621218919.000000,22.2968476667,114.1758001667,-20.8000,122.102500,122.102500,312.582400,0,15,single,ublox_m8t_gej
1621218920.000000,22.2968041667,114.1757626667,-27.1000,122.102500,122.102500,312.582400,0,15,single,ublox_m8t_gej
1621218921.000000,22.2967613333,114.1757248333,-33.4000,122.102500,122.102500,312.582400,0,15,single,ublox_m8t_gej
1621218922.000000,22.2970525000,114.1760658333,-38.6000,146.410000,146.410000,374.809600,0,15,single,ublox_m8t_gej
1621218923.000000,22.2970988333,114.1761168333,-33.9000,102.010000,102.010000,261.145600,0,15,single,ublox_m8t_gej
1621218924.000000,22.2971153333,114.1761431667,-30.5000,103.022500,103.022500,263.737600,0,15,single,ublox_m8t_gej
1621218925.000000,22.2971515000,114.1761875000,-22.3000,44.222500,44.222500,113.209600,0,15,single,ublox_m8t_gej
1621218926.000000,22.2971715000,114.1762088333,-15.8000,28.090000,28.090000,71.910400,0,15,single,ublox_m8t_gej
1621218927.000000,22.2971781667,114.1762095000,-12.1000,28.090000,28.090000,71.910400,0,15,single,ublox_m8t_gej
1621218928.000000,22.2971803333,114.1762066667,-10.5000,28.090000,28.090000,71.910400,0,15,single,ublox_m8t_gej
1621218929.000000,22.2971831667,114.1762056667,-8.8000,28.090000,28.090000,71.910400,0,15,single,ublox_m8t_gej
1621218930.000000,22.2971868333,114.1762106667,-7.5000,50.410000,50.410000,129.049600,0,15,single,ublox_m8t_gej
1621218931.000000,22.2971876667,114.1762126667,-7.3000,48.302500,48.302500,123.654400,0,15,single,ublox_m8t_gej
1621218932.000000,22.2971896667,114.1762151667,-7.4000,48.302500,48.302500,123.654400,0,15,single,ublox_m8t_gej
1621218933.000000,22.2971930000,114.1762141667,-6.1000,50.410000,50.410000,129.049600,0,15,single,ublox_m8t_gej
1621218934.000000,22.2971925000,114.1762120000,-5.5000,48.302500,48.302500,123.654400,0,15,single,ublox_m8t_gej
1621218935.000000,22.2971923333,114.1762118333,-5.8000,48.302500,48.302500,123.654400,0,15,single,ublox_m8t_gej
1621218936.000000,22.2971905000,114.1762095000,-5.7000,48.302500,48.302500,123.654400,0,15,single,ublox_m8t_gej
1621218937.000000,22.2971896667,114.1762073333,-5.9000,48.302500,48.302500,123.654400,0,15,single,ublox_m8t_gej
1621218938.000000,22.2971896667,114.1762071667,-5.6000,50.410000,50.410000,129.049600,0,15,single,ublox_m8t_gej
1621218939.000000,22.2971908333,114.1762061667,-5.1000,50.410000,50.410000,129.049600,0,15,single,ublox_m8t_gej
1621218940.000000,22.2971910000,114.1762053333,-4.2000,50.410000,50.410000,129.049600,0,15,single,ublox_m8t_gej
1621218941.000000,22.2971900000,114.1762026667,-3.3000,25.000000,25.000000,64.000000,0,15,single,ublox_m8t_gej
1621218942.000000,22.2971896667,114.1762018333,-2.7000,26.522500,26.522500,67.897600,0,15,single,ublox_m8t_gej
1621218943.000000,22.2971865000,114.1761983333,-2.4000,56.250000,56.250000,144.000000,0,15,single,ublox_m8t_gej
1621218944.000000,22.2971836667,114.1761956667,-2.1000,25.000000,25.000000,64.000000,0,15,single,ublox_m8t_gej
1621218945.000000,22.2971811667,114.1761936667,-2.0000,25.000000,25.000000,64.000000,0,15,single,ublox_m8t_gej
1621218946.000000,22.2971788333,114.1761916667,-1.6000,56.250000,56.250000,144.000000,0,15,single,ublox_m8t_gej
1621218947.000000,22.2971763333,114.1761900000,-1.4000,25.000000,25.000000,64.000000,0,15,single,ublox_m8t_gej
1621218948.000000,22.2971766667,114.1761913333,-0.6000,25.000000,25.000000,64.000000,0,15,single,ublox_m8t_gej
1621218949.000000,22.2971775000,114.1761916667,0.1000,48.302500,48.302500,123.654400,0,15,single,ublox_m8t_gej
1621218950.000000,22.2971783333,114.1761910000,0.9000,25.000000,25.000000,64.000000,0,15,single,ublox_m8t_gej
1621218951.000000,22.2971798333,114.1761901667,1.8000,25.000000,25.000000,64.000000,0,15,single,ublox_m8t_gej
1621218952.000000,22.2971825000,114.1761895000,2.6000,50.410000,50.410000,129.049600,0,15,single,ublox_m8t_gej
1621218953.000000,22.2971850000,114.1761883333,3.7000,25.000000,25.000000,64.000000,0,15,single,ublox_m8t_gej
1621218954.000000,22.2971883333,114.1761870000,4.8000,25.000000,25.000000,64.000000,0,15,single,ublox_m8t_gej
1621218955.000000,22.2971910000,114.1761868333,5.4000,25.000000,25.000000,64.000000,0,15,single,ublox_m8t_gej
1621218956.000000,22.2971926667,114.1761846667,6.7000,25.000000,25.000000,64.000000,0,15,single,ublox_m8t_gej
1621218957.000000,22.2971953333,114.1761835000,8.1000,25.000000,25.000000,64.000000,0,15,single,ublox_m8t_gej
1621218958.000000,22.2971973333,114.1761805000,8.4000,60.840000,60.840000,155.750400,0,15,single,ublox_m8t_gej
1621218959.000000,22.2971976667,114.1761775000,9.0000,37.822500,37.822500,96.825600,0,15,single,ublox_m8t_gej
1621218960.000000,22.2971973333,114.1761753333,9.3000,75.690000,75.690000,193.766400,0,15,single,ublox_m8t_gej
1621218961.000000,22.2971965000,114.1761725000,9.7000,105.062500,105.062500,268.960000,0,15,single,ublox_m8t_gej
1621218962.000000,22.2971960000,114.1761695000,10.7000,25.000000,25.000000,64.000000,0,15,single,ublox_m8t_gej
1621218963.000000,22.2971946667,114.1761675000,11.5000,33.062500,33.062500,84.640000,0,15,single,ublox_m8t_gej
1621218964.000000,22.2971938333,114.1761668333,11.8000,39.690000,39.690000,101.606400,0,15,single,ublox_m8t_gej
1621218965.000000,22.2971936667,114.1761670000,11.8000,37.822500,37.822500,96.825600,0,15,single,ublox_m8t_gej
1621218966.000000,22.2971928333,114.1761656667,11.8000,25.000000,25.000000,64.000000,0,15,single,ublox_m8t_gej
1621218967.000000,22.2971925000,114.1761638333,11.8000,25.000000,25.000000,64.000000,0,15,single,ublox_m8t_gej
1621218968.000000,22.2971943333,114.1761483333,13.2000,25.000000,25.000000,64.000000,0,15,single,ublox_m8t_gej
1621218969.000000,22.2972001667,114.1761288333,13.6000,25.000000,25.000000,64.000000,0,15,single,ublox_m8t_gej
1621218970.000000,22.2972011667,114.1761218333,13.3000,25.000000,25.000000,64.000000,0,15,single,ublox_m8t_gej
1621218971.000000,22.2972023333,114.1761138333,12.7000,27.040000,27.040000,69.222400,0,15,single,ublox_m8t_gej
1621218972.000000,22.2972038333,114.1761025000,12.4000,25.000000,25.000000,64.000000,0,15,single,ublox_m8t_gej
1621218973.000000,22.2972058333,114.1760936667,11.7000,40.322500,40.322500,103.225600,0,15,single,ublox_m8t_gej
1621218974.000000,22.2972016667,114.1760796667,9.2000,25.000000,25.000000,64.000000,0,15,single,ublox_m8t_gej
1621218975.000000,22.2972020000,114.1760496667,8.8000,25.000000,25.000000,64.000000,0,15,single,ublox_m8t_gej
1621218976.000000,22.2972068333,114.1759995000,10.4000,25.502500,25.502500,65.286400,0,15,single,ublox_m8t_gej
1621218977.000000,22.2972165000,114.1759410000,9.3000,25.000000,25.000000,64.000000,0,15,single,ublox_m8t_gej
1621218978.000000,22.2972286667,114.1758456667,9.7000,25.000000,25.000000,64.000000,0,15,single,ublox_m8t_gej
1621218979.000000,22.2972310000,114.1758201667,8.4000,48.302500,48.302500,123.654400,0,15,single,ublox_m8t_gej
1621218980.000000,22.2972451667,114.1757786667,8.0000,25.000000,25.000000,64.000000,0,15,single,ublox_m8t_gej
1621218981.000000,22.2972583333,114.1757670000,8.4000,34.222500,34.222500,87.609600,0,15,single,ublox_m8t_gej
1621218982.000000,22.2972806667,114.1757728333,11.7000,36.000000,36.000000,92.160000,0,15,single,ublox_m8t_gej
1621218983.000000,22.2973045000,114.1757778333,4.8000,25.000000,25.000000,64.000000,0,15,single,ublox_m8t_gej
1621218984.000000,22.2973283333,114.1757781667,0.2000,33.640000,33.640000,86.118400,0,15,single,ublox_m8t_gej
1621218985.000000,22.2973465000,114.1757768333,-4.3000,51.122500,51.122500,130.873600,0,15,single,ublox_m8t_gej
1621218986.000000,22.2973595000,114.1757645000,-7.4000,42.902500,42.902500,109.830400,0,15,single,ublox_m8t_gej
1621218987.000000,22.2973711667,114.1757536667,-9.6000,39.062500,39.062500,100.000000,0,15,single,ublox_m8t_gej
1621218989.000000,22.2974106667,114.1757331667,-15.5000,50.410000,50.410000,129.049600,0,15,single,ublox_m8t_gej
1621218990.000000,22.2974285000,114.1757236667,-19.6000,30.802500,30.802500,78.854400,0,15,single,ublox_m8t_gej
1621218991.000000,22.2974496667,114.1757125000,-23.5000,145.202500,145.202500,371.718400,0,15,single,ublox_m8t_gej
1621218992.000000,22.2974838333,114.1757056667,-27.8000,33.640000,33.640000,86.118400,0,15,single,ublox_m8t_gej
1621218993.000000,22.2975108333,114.1756986667,-32.0000,124.322500,124.322500,318.265600,0,15,single,ublox_m8t_gej
1621218994.000000,22.2975316667,114.1756960000,-37.9000,32.490000,32.490000,83.174400,0,15,single,ublox_m8t_gej
1621218995.000000,22.2975470000,114.1756985000,-46.6000,28.090000,28.090000,71.910400,0,15,single,ublox_m8t_gej
1621218996.000000,22.2975576667,114.1756933333,-49.9000,88.360000,88.360000,226.201600,0,15,single,ublox_m8t_gej
1621218997.000000,22.2975705000,114.1756861667,-54.0000,123.210000,123.210000,315.417600,0,15,single,ublox_m8t_gej
1621218998.000000,22.2975825000,114.1756780000,-57.8000,30.802500,30.802500,78.854400,0,15,single,ublox_m8t_gej
1621218999.000000,22.2975950000,114.1756723333,-61.3000,25.000000,25.000000,64.000000,0,15,single,ublox_m8t_gej
1621219000.000000,22.2976093333,114.1756620000,-65.2000,44.222500,44.222500,113.209600,0,15,single,ublox_m8t_gej
1621219001.000000,22.2976206667,114.1756555000,-68.6000,41.602500,41.602500,106.502400,0,15,single,ublox_m8t_gej
1621219002.000000,22.2976358333,114.1756516667,-74.8000,28.090000,28.090000,71.910400,0,15,single,ublox_m8t_gej
1621219003.000000,22.2976511667,114.1756433333,-82.2000,89.302500,89.302500,228.614400,0,15,single,ublox_m8t_gej
1621219004.000000,22.2976690000,114.1756313333,-85.4000,34.222500,34.222500,87.609600,0,15,single,ublox_m8t_gej
1621219005.000000,22.2976810000,114.1756241667,-89.4000,25.000000,25.000000,64.000000,0,15,single,ublox_m8t_gej
1621219006.000000,22.2976916667,114.1756158333,-94.7000,51.122500,51.122500,130.873600,0,15,single,ublox_m8t_gej
1621219007.000000,22.2977063333,114.1756035000,-98.6000,29.702500,29.702500,76.038400,0,15,single,ublox_m8t_gej
1621219008.000000,22.2977186667,114.1755961667,-103.7000,31.922500,31.922500,81.721600,0,15,single,ublox_m8t_gej
1621219009.000000,22.2977335000,114.1755926667,-112.5000,29.702500,29.702500,76.038400,0,15,single,ublox_m8t_gej
1621219010.000000,22.2977495000,114.1755838333,-123.0000,29.702500,29.702500,76.038400,0,15,single,ublox_m8t_gej
1621219011.000000,22.2977643333,114.1755761667,-130.3000,41.602500,41.602500,106.502400,0,15,single,ublox_m8t_gej
1621219012.000000,22.2977796667,114.1755691667,-138.6000,29.702500,29.702500,76.038400,0,15,single,ublox_m8t_gej
1621219013.000000,22.2977938333,114.1755630000,-145.8000,34.222500,34.222500,87.609600,0,15,single,ublox_m8t_gej
1621219014.000000,22.2978073333,114.1755590000,-155.4000,40.960000,40.960000,104.857600,0,15,single,ublox_m8t_gej
1621219015.000000,22.2978225000,114.1755525000,-162.8000,29.702500,29.702500,76.038400,0,15,single,ublox_m8t_gej
1621219016.000000,22.2978385000,114.1755470000,-170.6000,34.222500,34.222500,87.609600,0,15,single,ublox_m8t_gej
1621219017.000000,22.2978528333,114.1755406667,-179.2000,31.922500,31.922500,81.721600,0,15,single,ublox_m8t_gej
1621219018.000000,22.2978658333,114.1755338333,-185.9000,53.290000,53.290000,136.422400,0,15,single,ublox_m8t_gej
1621219019.000000,22.2978796667,114.1755293333,-194.7000,53.290000,53.290000,136.422400,0,15,single,ublox_m8t_gej
1621219021.000000,22.2979095000,114.1755178333,-211.3000,612.562500,612.562500,1568.160000,0,15,single,ublox_m8t_gej
1621219022.000000,22.2979253333,114.1755225000,-217.5000,34.222500,34.222500,87.609600,0,15,single,ublox_m8t_gej
1621219023.000000,22.2979443333,114.1755371667,-223.3000,34.222500,34.222500,87.609600,0,15,single,ublox_m8t_gej
1621219024.000000,22.2979585000,114.1755368333,-228.8000,41.602500,41.602500,106.502400,0,15,single,ublox_m8t_gej
1621219025.000000,22.2979711667,114.1755381667,-233.2000,175.562500,175.562500,449.440000,0,15,single,ublox_m8t_gej
1621219027.000000,22.3003231667,114.1760828333,-2.0000,57.760000,57.760000,147.865600,0,15,single,ublox_m8t_gej
1621219028.000000,22.3003691667,114.1760930000,1.8000,39.062500,39.062500,100.000000,0,15,single,ublox_m8t_gej
1621219029.000000,22.3003973333,114.1761080000,3.1000,59.290000,59.290000,151.782400,0,15,single,ublox_m8t_gej
1621219030.000000,22.3004116667,114.1761170000,1.8000,53.290000,53.290000,136.422400,0,15,single,ublox_m8t_gej
1621219031.000000,22.3004210000,114.1761180000,-0.1000,25.000000,25.000000,64.000000,0,15,single,ublox_m8t_gej
1621219032.000000,22.3004281667,114.1761320000,-0.6000,25.000000,25.000000,64.000000,0,15,single,ublox_m8t_gej
1621219033.000000,22.3004351667,114.1761375000,-2.3000,59.290000,59.290000,151.782400,0,15,single,ublox_m8t_gej
1621219034.000000,22.3004411667,114.1761403333,-4.0000,29.160000,29.160000,74.649600,0,15,single,ublox_m8t_gej
1621219035.000000,22.3004470000,114.1761420000,-5.1000,25.000000,25.000000,64.000000,0,15,single,ublox_m8t_gej
1621219036.000000,22.3004513333,114.1761423333,-6.4000,54.022500,54.022500,138.297600,0,15,single,ublox_m8t_gej
1621219037.000000,22.3004551667,114.1761415000,-6.7000,25.000000,25.000000,64.000000,0,15,single,ublox_m8t_gej
1621219038.000000,22.3004591667,114.1761526667,-6.6000,25.000000,25.000000,64.000000,0,15,single,ublox_m8t_gej
1621219039.000000,22.3004628333,114.1761498333,-7.3000,33.640000,33.640000,86.118400,0,15,single,ublox_m8t_gej
1621219040.000000,22.3004665000,114.1761456667,-8.3000,25.000000,25.000000,64.000000,0,15,single,ublox_m8t_gej
1621219041.000000,22.3004705000,114.1761400000,-8.8000,29.160000,29.160000,74.649600,0,15,single,ublox_m8t_gej
1621219042.000000,22.3004706667,114.1761346667,-8.4000,42.902500,42.902500,109.830400,0,15,single,ublox_m8t_gej
1621219043.000000,22.3004768333,114.1761270000,-9.7000,25.000000,25.000000,64.000000,0,15,single,ublox_m8t_gej
1621219044.000000,22.3004860000,114.1761285000,-11.4000,25.000000,25.000000,64.000000,0,15,single,ublox_m8t_gej
1621219045.000000,22.3004950000,114.1761290000,-13.1000,25.000000,25.000000,64.000000,0,15,single,ublox_m8t_gej
1621219046.000000,22.3005045000,114.1761308333,-15.1000,36.000000,36.000000,92.160000,0,15,single,ublox_m8t_gej
1621219047.000000,22.3005141667,114.1761265000,-17.6000,27.562500,27.562500,70.560000,0,15,single,ublox_m8t_gej
1621219048.000000,22.3005248333,114.1761226667,-20.1000,33.640000,33.640000,86.118400,0,15,single,ublox_m8t_gej
1621219049.000000,22.3005341667,114.1761200000,-23.0000,99.002500,99.002500,253.446400,0,15,single,ublox_m8t_gej
1621219050.000000,22.3005451667,114.1761153333,-25.8000,29.160000,29.160000,74.649600,0,15,single,ublox_m8t_gej
1621219051.000000,22.3005568333,114.1761103333,-28.5000,51.840000,51.840000,132.710400,0,15,single,ublox_m8t_gej
1621219052.000000,22.3005710000,114.1761073333,-30.9000,54.760000,54.760000,140.185600,0,15,single,ublox_m8t_gej
1621219053.000000,22.3005831667,114.1761025000,-34.0000,99.002500,99.002500,253.446400,0,15,single,ublox_m8t_gej
1621219054.000000,22.3005983333,114.1761003333,-37.3000,37.210000,37.210000,95.257600,0,15,single,ublox_m8t_gej
1621219055.000000,22.3006133333,114.1760960000,-40.6000,78.322500,78.322500,200.505600,0,15,single,ublox_m8t_gej
1621219056.000000,22.3006345000,114.1760840000,-44.4000,34.222500,34.222500,87.609600,0,15,single,ublox_m8t_gej
1621219057.000000,22.3006540000,114.1760700000,-48.0000,190.440000,190.440000,487.526400,0,15,single,ublox_m8t_gej
1621219058.000000,22.3006668333,114.1761115000,-53.4000,128.822500,128.822500,329.785600,0,15,single,ublox_m8t_gej
1621219059.000000,22.3006976667,114.1760995000,-60.6000,368.640000,368.640000,943.718400,0,15,single,ublox_m8t_gej
1621219060.000000,22.3007280000,114.1760758333,-65.1000,602.702500,602.702500,1542.918400,0,15,single,ublox_m8t_gej
1621219061.000000,22.3007470000,114.1760685000,-69.6000,54.760000,54.760000,140.185600,0,15,single,ublox_m8t_gej
1621219063.000000,22.3018723333,114.1765970000,-13.9000,29.702500,29.702500,76.038400,0,15,single,ublox_m8t_gej
1621219064.000000,22.3019431667,114.1766351667,-1.4000,29.702500,29.702500,76.038400,0,15,single,ublox_m8t_gej
1621219065.000000,22.3019971667,114.1766673333,-0.2000,29.702500,29.702500,76.038400,0,15,single,ublox_m8t_gej
1621219066.000000,22.3020506667,114.1766913333,-1.1000,25.000000,25.000000,64.000000,0,15,single,ublox_m8t_gej
1621219067.000000,22.3021015000,114.1767118333,-0.8000,29.702500,29.702500,76.038400,0,15,single,ublox_m8t_gej
1621219068.000000,22.3021420000,114.1767018333,3.4000,29.702500,29.702500,76.038400,0,15,single,ublox_m8t_gej
1621219069.000000,22.3021736667,114.1767208333,4.7000,29.702500,29.702500,76.038400,0,15,single,ublox_m8t_gej
1621219070.000000,22.3021715000,114.1767260000,2.9000,29.702500,29.702500,76.038400,0,15,single,ublox_m8t_gej
1621219071.000000,22.3022021667,114.1767393333,3.8000,25.000000,25.000000,64.000000,0,15,single,ublox_m8t_gej
1621219072.000000,22.3022023333,114.1767375000,3.1000,25.000000,25.000000,64.000000,0,15,single,ublox_m8t_gej
1621219073.000000,22.3022071667,114.1767383333,3.3000,29.702500,29.702500,76.038400,0,15,single,ublox_m8t_gej
1621219074.000000,22.3022035000,114.1767401667,3.3000,29.702500,29.702500,76.038400,0,15,single,ublox_m8t_gej
1621219075.000000,22.3022068333,114.1767393333,5.3000,29.702500,29.702500,76.038400,0,15,single,ublox_m8t_gej
1621219076.000000,22.3022095000,114.1767400000,7.0000,29.702500,29.702500,76.038400,0,15,single,ublox_m8t_gej
1621219077.000000,22.3022085000,114.1767401667,8.5000,29.702500,29.702500,76.038400,0,15,single,ublox_m8t_gej
1621219078.000000,22.3022103333,114.1767421667,9.6000,25.000000,25.000000,64.000000,0,15,single,ublox_m8t_gej
1621219079.000000,22.3022136667,114.1767438333,10.3000,25.000000,25.000000,64.000000,0,15,single,ublox_m8t_gej
1621219080.000000,22.3022155000,114.1767455000,10.9000,39.690000,39.690000,101.606400,0,15,single,ublox_m8t_gej
1621219081.000000,22.3022171667,114.1767468333,11.3000,37.822500,37.822500,96.825600,0,15,single,ublox_m8t_gej
1621219082.000000,22.3022190000,114.1767473333,11.6000,39.690000,39.690000,101.606400,0,15,single,ublox_m8t_gej
1621219083.000000,22.3022206667,114.1767486667,12.1000,39.690000,39.690000,101.606400,0,15,single,ublox_m8t_gej
1621219084.000000,22.3022231667,114.1767496667,12.5000,39.690000,39.690000,101.606400,0,15,single,ublox_m8t_gej
1621219085.000000,22.3022255000,114.1767518333,12.9000,42.902500,42.902500,109.830400,0,15,single,ublox_m8t_gej
1621219086.000000,22.3022311667,114.1767551667,13.7000,42.902500,42.902500,109.830400,0,15,single,ublox_m8t_gej
1621219087.000000,22.3022368333,114.1767581667,14.2000,42.902500,42.902500,109.830400,0,15,single,ublox_m8t_gej
1621219088.000000,22.3022406667,114.1767603333,14.4000,42.902500,42.902500,109.830400,0,15,single,ublox_m8t_gej
1621219089.000000,22.3022428333,114.1767620000,14.6000,29.702500,29.702500,76.038400,0,15,single,ublox_m8t_gej
1621219090.000000,22.3022481667,114.1767646667,14.9000,29.702500,29.702500,76.038400,0,15,single,ublox_m8t_gej
1621219091.000000,22.3022551667,114.1767676667,15.0000,29.702500,29.702500,76.038400,0,15,single,ublox_m8t_gej
1621219092.000000,22.3022643333,114.1767710000,15.3000,29.702500,29.702500,76.038400,0,15,single,ublox_m8t_gej
1621219093.000000,22.3022733333,114.1767751667,15.7000,29.702500,29.702500,76.038400,0,15,single,ublox_m8t_gej
1621219094.000000,22.3022858333,114.1767766667,15.2000,29.702500,29.702500,76.038400,0,15,single,ublox_m8t_gej
1621219095.000000,22.3022985000,114.1767798333,14.8000,29.702500,29.702500,76.038400,0,15,single,ublox_m8t_gej
1621219096.000000,22.3023146667,114.1767813333,12.8000,29.702500,29.702500,76.038400,0,15,single,ublox_m8t_gej
1621219097.000000,22.3023300000,114.1767930000,9.6000,42.902500,42.902500,109.830400,0,15,single,ublox_m8t_gej
1621219098.000000,22.3023446667,114.1768065000,3.9000,62.410000,62.410000,159.769600,0,15,single,ublox_m8t_gej
1621219099.000000,22.3023693333,114.1768155000,-1.4000,110.250000,110.250000,282.240000,0,15,single,ublox_m8t_gej
1621219100.000000,22.3023810000,114.1768291667,-8.2000,592.922500,592.922500,1517.881600,0,15,single,ublox_m8t_gej
1621219101.000000,22.3023926667,114.1768441667,-15.2000,87.422500,87.422500,223.801600,0,15,single,ublox_m8t_gej
1621219102.000000,22.3024125000,114.1768608333,-24.4000,174.240000,174.240000,446.054400,0,15,single,ublox_m8t_gej
1621219103.000000,22.3024468333,114.1768783333,-33.5000,110.250000,110.250000,282.240000,0,15,single,ublox_m8t_gej
1621219104.000000,22.3027751667,114.1770033333,-28.4000,62.410000,62.410000,159.769600,0,15,single,ublox_m8t_gej
1621219105.000000,22.3028630000,114.1770593333,-18.1000,25.000000,25.000000,64.000000,0,15,single,ublox_m8t_gej
1621219106.000000,22.3029195000,114.1771105000,-15.8000,25.000000,25.000000,64.000000,0,15,single,ublox_m8t_gej
1621219107.000000,22.3029500000,114.1771650000,-14.8000,25.000000,25.000000,64.000000,0,15,single,ublox_m8t_gej
1621219108.000000,22.3029645000,114.1772216667,-14.0000,25.000000,25.000000,64.000000,0,15,single,ublox_m8t_gej
1621219109.000000,22.3029796667,114.1772720000,-15.2000,25.000000,25.000000,64.000000,0,15,single,ublox_m8t_gej
1621219110.000000,22.3029898333,114.1773201667,-17.4000,25.000000,25.000000,64.000000,0,15,single,ublox_m8t_gej
1621219111.000000,22.3029976667,114.1773691667,-19.8000,25.000000,25.000000,64.000000,0,15,single,ublox_m8t_gej
1621219112.000000,22.3029953333,114.1774133333,-24.3000,34.222500,34.222500,87.609600,0,15,single,ublox_m8t_gej
1621219113.000000,22.3029933333,114.1774680000,-27.6000,43.560000,43.560000,111.513600,0,15,single,ublox_m8t_gej
1621219114.000000,22.3029945000,114.1775141667,-30.7000,57.760000,57.760000,147.865600,0,15,single,ublox_m8t_gej
1621219115.000000,22.3029875000,114.1775621667,-34.9000,62.410000,62.410000,159.769600,0,15,single,ublox_m8t_gej
1621219116.000000,22.3029806667,114.1776146667,-39.7000,68.890000,68.890000,176.358400,0,15,single,ublox_m8t_gej
1621219117.000000,22.3029716667,114.1776643333,-44.1000,33.062500,33.062500,84.640000,0,15,single,ublox_m8t_gej
1621219118.000000,22.3029596667,114.1777291667,-47.4000,37.822500,37.822500,96.825600,0,15,single,ublox_m8t_gej
1621219119.000000,22.3029508333,114.1777968333,-50.2000,28.090000,28.090000,71.910400,0,15,single,ublox_m8t_gej
1621219120.000000,22.3029508333,114.1778426667,-52.4000,147.622500,147.622500,377.913600,0,15,single,ublox_m8t_gej
1621219121.000000,22.3029483333,114.1778938333,-54.4000,31.922500,31.922500,81.721600,0,15,single,ublox_m8t_gej
1621219122.000000,22.3029441667,114.1779448333,-56.9000,46.240000,46.240000,118.374400,0,15,single,ublox_m8t_gej
1621219123.000000,22.3029368333,114.1779990000,-59.7000,46.240000,46.240000,118.374400,0,15,single,ublox_m8t_gej
1621219124.000000,22.3029318333,114.1780446667,-62.4000,50.410000,50.410000,129.049600,0,15,single,ublox_m8t_gej
1621219125.000000,22.3029278333,114.1780976667,-66.2000,68.890000,68.890000,176.358400,0,15,single,ublox_m8t_gej
1621219126.000000,22.3029253333,114.1781521667,-70.0000,33.640000,33.640000,86.118400,0,15,single,ublox_m8t_gej
1621219127.000000,22.3029271667,114.1782010000,-73.3000,39.690000,39.690000,101.606400,0,15,single,ublox_m8t_gej
1621219128.000000,22.3029283333,114.1782541667,-76.7000,77.440000,77.440000,198.246400,0,15,single,ublox_m8t_gej
1621219131.000000,22.3028986667,114.1783851667,-85.4000,334.890000,334.890000,857.318400,0,15,single,ublox_m8t_gej
1621219133.000000,22.3028118333,114.1784055000,-91.9000,31.360000,31.360000,80.281600,0,15,single,ublox_m8t_gej
1621219134.000000,22.3027880000,114.1784276667,-93.7000,25.000000,25.000000,64.000000,0,15,single,ublox_m8t_gej
1621219135.000000,22.3027803333,114.1784640000,-96.1000,153.760000,153.760000,393.625600,0,15,single,ublox_m8t_gej
1621219136.000000,22.3027608333,114.1784971667,-99.3000,25.502500,25.502500,65.286400,0,15,single,ublox_m8t_gej
1621219137.000000,22.3027531667,114.1785381667,-99.8000,25.000000,25.000000,64.000000,0,15,single,ublox_m8t_gej
1621219138.000000,22.3027468333,114.1785753333,-101.6000,28.090000,28.090000,71.910400,0,15,single,ublox_m8t_gej
1621219139.000000,22.3027355000,114.1786113333,-104.4000,25.000000,25.000000,64.000000,0,15,single,ublox_m8t_gej
1621219140.000000,22.3027163333,114.1786403333,-108.2000,31.360000,31.360000,80.281600,0,15,single,ublox_m8t_gej
1621219141.000000,22.3026971667,114.1786703333,-110.7000,213.160000,213.160000,545.689600,0,15,single,ublox_m8t_gej
1621219143.000000,22.3026198333,114.1787143333,-112.5000,329.422500,329.422500,843.321600,0,15,single,ublox_m8t_gej
1621219144.000000,22.3026096667,114.1787471667,-111.4000,110.250000,110.250000,282.240000,0,15,single,ublox_m8t_gej
1621219145.000000,22.3025861667,114.1787761667,-111.4000,28.622500,28.622500,73.273600,0,15,single,ublox_m8t_gej
1621219146.000000,22.3025715000,114.1788005000,-109.3000,34.810000,34.810000,89.113600,0,15,single,ublox_m8t_gej
1621219147.000000,22.3025526667,114.1788265000,-106.4000,27.562500,27.562500,70.560000,0,15,single,ublox_m8t_gej
1621219148.000000,22.3025386667,114.1788490000,-103.8000,30.802500,30.802500,78.854400,0,15,single,ublox_m8t_gej
1621219149.000000,22.3025183333,114.1788743333,-102.6000,28.622500,28.622500,73.273600,0,15,single,ublox_m8t_gej
1621219150.000000,22.3025015000,114.1789011667,-100.7000,189.062500,189.062500,484.000000,0,15,single,ublox_m8t_gej
1621219151.000000,22.3024778333,114.1789261667,-98.9000,44.890000,44.890000,114.918400,0,15,single,ublox_m8t_gej
1621219152.000000,22.3024698333,114.1789240000,-87.8000,64.802500,64.802500,165.894400,0,15,single,ublox_m8t_gej
1621219153.000000,22.3024456667,114.1789305000,-78.2000,345.960000,345.960000,885.657600,0,15,single,ublox_m8t_gej
1621219154.000000,22.3023676667,114.1789480000,-66.7000,44.890000,44.890000,114.918400,0,15,single,ublox_m8t_gej
1621219155.000000,22.3022755000,114.1789560000,-62.8000,60.840000,60.840000,155.750400,0,15,single,ublox_m8t_gej
1621219156.000000,22.3022073333,114.1789665000,-59.9000,88.360000,88.360000,226.201600,0,15,single,ublox_m8t_gej
1621219157.000000,22.3021395000,114.1789756667,-55.1000,25.000000,25.000000,64.000000,0,15,single,ublox_m8t_gej
1621219158.000000,22.3021075000,114.1790178333,-49.9000,54.760000,54.760000,140.185600,0,15,single,ublox_m8t_gej
1621219159.000000,22.3020640000,114.1790641667,-41.6000,26.522500,26.522500,67.897600,0,15,single,ublox_m8t_gej
1621219160.000000,22.3020206667,114.1791276667,-36.4000,43.560000,43.560000,111.513600,0,15,single,ublox_m8t_gej
1621219161.000000,22.3019913333,114.1791563333,-33.7000,67.240000,67.240000,172.134400,0,15,single,ublox_m8t_gej
1621219162.000000,22.3019696667,114.1791848333,-31.8000,25.000000,25.000000,64.000000,0,15,single,ublox_m8t_gej
1621219163.000000,22.3019453333,114.1792071667,-31.5000,40.960000,40.960000,104.857600,0,15,single,ublox_m8t_gej
1621219164.000000,22.3019160000,114.1792290000,-30.4000,58.522500,58.522500,149.817600,0,15,single,ublox_m8t_gej
1621219165.000000,22.3018725000,114.1792396667,-29.1000,325.802500,325.802500,834.054400,0,15,single,ublox_m8t_gej
1621219166.000000,22.3018391667,114.1792748333,-24.8000,29.160000,29.160000,74.649600,0,15,single,ublox_m8t_gej
1621219167.000000,22.3017796667,114.1793035000,-18.5000,63.202500,63.202500,161.798400,0,15,single,ublox_m8t_gej
1621219168.000000,22.3017548333,114.1793320000,-15.2000,95.062500,95.062500,243.360000,0,15,single,ublox_m8t_gej
1621219169.000000,22.3017343333,114.1793595000,-12.4000,27.562500,27.562500,70.560000,0,15,single,ublox_m8t_gej
1621219170.000000,22.3017065000,114.1792153333,-22.7000,55.502500,55.502500,142.086400,0,15,single,ublox_m8t_gej
1621219172.000000,22.3016485000,114.1788913333,-53.5000,42.902500,42.902500,109.830400,0,15,single,ublox_m8t_gej
1621219173.000000,22.3016283333,114.1788413333,-54.3000,64.000000,64.000000,163.840000,0,15,single,ublox_m8t_gej
1621219174.000000,22.3016103333,114.1788246667,-52.6000,64.000000,64.000000,163.840000,0,15,single,ublox_m8t_gej
1621219175.000000,22.3015940000,114.1788170000,-50.6000,36.000000,36.000000,92.160000,0,15,single,ublox_m8t_gej
1621219176.000000,22.3015758333,114.1788171667,-48.4000,61.622500,61.622500,157.753600,0,15,single,ublox_m8t_gej
1621219177.000000,22.3015578333,114.1788220000,-46.5000,64.000000,64.000000,163.840000,0,15,single,ublox_m8t_gej
1621219178.000000,22.3015393333,114.1788290000,-44.7000,36.000000,36.000000,92.160000,0,15,single,ublox_m8t_gej
1621219179.000000,22.3015218333,114.1788366667,-43.1000,31.360000,31.360000,80.281600,0,15,single,ublox_m8t_gej
1621219180.000000,22.3015076667,114.1788421667,-41.6000,64.000000,64.000000,163.840000,0,15,single,ublox_m8t_gej
1621219181.000000,22.3014931667,114.1788471667,-39.8000,90.250000,90.250000,231.040000,0,15,single,ublox_m8t_gej
1621219182.000000,22.3014803333,114.1788531667,-38.5000,53.290000,53.290000,136.422400,0,15,single,ublox_m8t_gej
1621219183.000000,22.3014675000,114.1788590000,-37.1000,90.250000,90.250000,231.040000,0,15,single,ublox_m8t_gej
1621219184.000000,22.3014533333,114.1788666667,-36.1000,96.040000,96.040000,245.862400,0,15,single,ublox_m8t_gej
1621219185.000000,22.3014401667,114.1788740000,-35.2000,53.290000,53.290000,136.422400,0,15,single,ublox_m8t_gej
1621219186.000000,22.3014270000,114.1788815000,-34.4000,53.290000,53.290000,136.422400,0,15,single,ublox_m8t_gej
1621219187.000000,22.3014130000,114.1788898333,-33.6000,31.360000,31.360000,80.281600,0,15,single,ublox_m8t_gej
1621219188.000000,22.3014011667,114.1788968333,-32.8000,64.000000,64.000000,163.840000,0,15,single,ublox_m8t_gej
1621219189.000000,22.3013880000,114.1789045000,-31.9000,36.000000,36.000000,92.160000,0,15,single,ublox_m8t_gej
1621219190.000000,22.3013750000,114.1789118333,-31.0000,31.360000,31.360000,80.281600,0,15,single,ublox_m8t_gej
1621219191.000000,22.3013628333,114.1789193333,-30.3000,61.622500,61.622500,157.753600,0,15,single,ublox_m8t_gej
1621219192.000000,22.3013501667,114.1789265000,-29.6000,61.622500,61.622500,157.753600,0,15,single,ublox_m8t_gej
1621219193.000000,22.3013388333,114.1789325000,-28.7000,91.202500,91.202500,233.478400,0,15,single,ublox_m8t_gej
1621219194.000000,22.3013276667,114.1789388333,-28.0000,39.690000,39.690000,101.606400,0,15,single,ublox_m8t_gej
1621219195.000000,22.3013166667,114.1789453333,-27.3000,39.690000,39.690000,101.606400,0,15,single,ublox_m8t_gej
1621219196.000000,22.3013048333,114.1789526667,-26.8000,37.822500,37.822500,96.825600,0,15,single,ublox_m8t_gej
1621219197.000000,22.3012933333,114.1789595000,-26.1000,30.802500,30.802500,78.854400,0,15,single,ublox_m8t_gej
1621219198.000000,22.3012820000,114.1789668333,-25.6000,55.502500,55.502500,142.086400,0,15,single,ublox_m8t_gej
1621219199.000000,22.3012713333,114.1789730000,-24.9000,51.122500,51.122500,130.873600,0,15,single,ublox_m8t_gej
1621219200.000000,22.3012613333,114.1789786667,-24.2000,30.802500,30.802500,78.854400,0,15,single,ublox_m8t_gej
1621219201.000000,22.3012505000,114.1789853333,-23.7000,30.802500,30.802500,78.854400,0,15,single,ublox_m8t_gej
1621219202.000000,22.3012405000,114.1789913333,-23.1000,25.000000,25.000000,64.000000,0,15,single,ublox_m8t_gej
1621219203.000000,22.3012305000,114.1789975000,-22.6000,28.090000,28.090000,71.910400,0,15,single,ublox_m8t_gej
1621219204.000000,22.3012200000,114.1790046667,-22.3000,40.322500,40.322500,103.225600,0,15,single,ublox_m8t_gej
1621219205.000000,22.3012101667,114.1790111667,-22.0000,42.902500,42.902500,109.830400,0,15,single,ublox_m8t_gej
1621219206.000000,22.3012016667,114.1790170000,-21.7000,25.000000,25.000000,64.000000,0,15,single,ublox_m8t_gej
1621219207.000000,22.3011923333,114.1790235000,-21.4000,42.902500,42.902500,109.830400,0,15,single,ublox_m8t_gej
1621219208.000000,22.3011838333,114.1790291667,-21.1000,25.000000,25.000000,64.000000,0,15,single,ublox_m8t_gej
1621219209.000000,22.3011763333,114.1790343333,-20.8000,25.000000,25.000000,64.000000,0,15,single,ublox_m8t_gej
1621219210.000000,22.3011683333,114.1790393333,-20.4000,35.402500,35.402500,90.630400,0,15,single,ublox_m8t_gej
1621219211.000000,22.3011603333,114.1790453333,-20.2000,25.000000,25.000000,64.000000,0,15,single,ublox_m8t_gej
1621219212.000000,22.3011511667,114.1790506667,-19.8000,26.010000,26.010000,66.585600,0,15,single,ublox_m8t_gej
1621219213.000000,22.3011431667,114.1790551667,-19.3000,25.000000,25.000000,64.000000,0,15,single,ublox_m8t_gej
1621219214.000000,22.3011351667,114.1790603333,-19.0000,28.090000,28.090000,71.910400,0,15,single,ublox_m8t_gej
1621219215.000000,22.3011268333,114.1790651667,-18.6000,28.090000,28.090000,71.910400,0,15,single,ublox_m8t_gej
1621219216.000000,22.3011185000,114.1790698333,-18.1000,28.090000,28.090000,71.910400,0,15,single,ublox_m8t_gej
1621219217.000000,22.3011125000,114.1790738333,-17.9000,30.802500,30.802500,78.854400,0,15,single,ublox_m8t_gej
1621219218.000000,22.3011056667,114.1790781667,-17.4000,30.802500,30.802500,78.854400,0,15,single,ublox_m8t_gej
1621219219.000000,22.3010980000,114.1790828333,-17.0000,25.502500,25.502500,65.286400,0,15,single,ublox_m8t_gej
1621219220.000000,22.3010890000,114.1790878333,-16.6000,25.502500,25.502500,65.286400,0,15,single,ublox_m8t_gej
1621219221.000000,22.3010825000,114.1790915000,-16.1000,29.160000,29.160000,74.649600,0,15,single,ublox_m8t_gej
1621219222.000000,22.3010751667,114.1790956667,-15.7000,32.490000,32.490000,83.174400,0,15,single,ublox_m8t_gej
1621219223.000000,22.3010676667,114.1790996667,-15.2000,25.502500,25.502500,65.286400,0,15,single,ublox_m8t_gej
1621219224.000000,22.3010591667,114.1791040000,-14.7000,25.502500,25.502500,65.286400,0,15,single,ublox_m8t_gej
1621219225.000000,22.3010526667,114.1791076667,-14.4000,30.802500,30.802500,78.854400,0,15,single,ublox_m8t_gej
1621219226.000000,22.3010453333,114.1791116667,-14.0000,25.502500,25.502500,65.286400,0,15,single,ublox_m8t_gej
1621219227.000000,22.3010376667,114.1791161667,-13.5000,25.000000,25.000000,64.000000,0,15,single,ublox_m8t_gej
1621219228.000000,22.3010298333,114.1791203333,-13.0000,25.000000,25.000000,64.000000,0,15,single,ublox_m8t_gej
1621219229.000000,22.3010238333,114.1791240000,-12.7000,25.000000,25.000000,64.000000,0,15,single,ublox_m8t_gej
1621219230.000000,22.3010183333,114.1791275000,-12.5000,26.522500,26.522500,67.897600,0,15,single,ublox_m8t_gej
1621219231.000000,22.3010120000,114.1791311667,-12.2000,25.000000,25.000000,64.000000,0,15,single,ublox_m8t_gej
1621219232.000000,22.3010060000,114.1791346667,-12.0000,25.000000,25.000000,64.000000,0,15,single,ublox_m8t_gej
1621219233.000000,22.3010011667,114.1791371667,-11.6000,25.000000,25.000000,64.000000,0,15,single,ublox_m8t_gej
1621219234.000000,22.3009966667,114.1791368333,-11.3000,25.000000,25.000000,64.000000,0,15,single,ublox_m8t_gej
1621219235.000000,22.3009835000,114.1791400000,-11.0000,25.000000,25.000000,64.000000,0,15,single,ublox_m8t_gej
1621219236.000000,22.3009668333,114.1791471667,-11.0000,25.000000,25.000000,64.000000,0,15,single,ublox_m8t_gej
1621219237.000000,22.3009546667,114.1791546667,-10.8000,33.062500,33.062500,84.640000,0,15,single,ublox_m8t_gej
1621219238.000000,22.3009421667,114.1791625000,-10.7000,28.622500,28.622500,73.273600,0,15,single,ublox_m8t_gej
1621219239.000000,22.3009300000,114.1791701667,-10.5000,25.000000,25.000000,64.000000,0,15,single,ublox_m8t_gej
1621219240.000000,22.3009106667,114.1791821667,-9.7000,58.522500,58.522500,149.817600,0,15,single,ublox_m8t_gej
1621219241.000000,22.3009071667,114.1791816667,-6.2000,34.222500,34.222500,87.609600,0,15,single,ublox_m8t_gej
1621219242.000000,22.3008816667,114.1791993333,-5.1000,49.000000,49.000000,125.440000,0,15,single,ublox_m8t_gej
1621219243.000000,22.3008511667,114.1792186667,-4.3000,205.922500,205.922500,527.161600,0,15,single,ublox_m8t_gej
1621219244.000000,22.3008166667,114.1792386667,-3.1000,205.922500,205.922500,527.161600,0,15,single,ublox_m8t_gej
1621219245.000000,22.3008005000,114.1792515000,-3.3000,25.000000,25.000000,64.000000,0,15,single,ublox_m8t_gej
1621219246.000000,22.3007831667,114.1792623333,-3.3000,25.502500,25.502500,65.286400,0,15,single,ublox_m8t_gej
1621219247.000000,22.3007625000,114.1792748333,-3.8000,31.360000,31.360000,80.281600,0,15,single,ublox_m8t_gej
1621219248.000000,22.3007473333,114.1792853333,-3.6000,25.000000,25.000000,64.000000,0,15,single,ublox_m8t_gej
1621219249.000000,22.3007291667,114.1792988333,-3.4000,37.822500,37.822500,96.825600,0,15,single,ublox_m8t_gej
1621219250.000000,22.3007145000,114.1793093333,-3.1000,117.722500,117.722500,301.369600,0,15,single,ublox_m8t_gej
1621219251.000000,22.3006981667,114.1793215000,-2.9000,52.562500,52.562500,134.560000,0,15,single,ublox_m8t_gej
1621219252.000000,22.3006823333,114.1793335000,-2.6000,36.602500,36.602500,93.702400,0,15,single,ublox_m8t_gej
1621219253.000000,22.3006673333,114.1793461667,-2.2000,25.000000,25.000000,64.000000,0,15,single,ublox_m8t_gej
1621219254.000000,22.3006521667,114.1793585000,-2.2000,25.000000,25.000000,64.000000,0,15,single,ublox_m8t_gej
1621219255.000000,22.3006363333,114.1793713333,-1.8000,25.502500,25.502500,65.286400,0,15,single,ublox_m8t_gej
1621219256.000000,22.3006151667,114.1793861667,-1.4000,25.000000,25.000000,64.000000,0,15,single,ublox_m8t_gej
1621219257.000000,22.3005948333,114.1793980000,-2.4000,30.802500,30.802500,78.854400,0,15,single,ublox_m8t_gej
1621219258.000000,22.3005728333,114.1794128333,-2.0000,25.000000,25.000000,64.000000,0,15,single,ublox_m8t_gej
1621219259.000000,22.3005520000,114.1794266667,-2.0000,25.000000,25.000000,64.000000,0,15,single,ublox_m8t_gej
1621219260.000000,22.3005330000,114.1794391667,-1.6000,25.000000,25.000000,64.000000,0,15,single,ublox_m8t_gej
1621219261.000000,22.3005105000,114.1794538333,-1.4000,26.010000,26.010000,66.585600,0,15,single,ublox_m8t_gej
1621219262.000000,22.3004870000,114.1794680000,-1.5000,25.000000,25.000000,64.000000,0,15,single,ublox_m8t_gej
1621219263.000000,22.3004601667,114.1794856667,-1.3000,25.000000,25.000000,64.000000,0,15,single,ublox_m8t_gej
1621219264.000000,22.3004363333,114.1795018333,-0.9000,44.890000,44.890000,114.918400,0,15,single,ublox_m8t_gej
1621219265.000000,22.3004118333,114.1795186667,-0.4000,53.290000,53.290000,136.422400,0,15,single,ublox_m8t_gej
1621219266.000000,22.3003636667,114.1795520000,2.4000,25.000000,25.000000,64.000000,0,15,single,ublox_m8t_gej
1621219267.000000,22.3003395000,114.1795676667,3.1000,42.902500,42.902500,109.830400,0,15,single,ublox_m8t_gej
1621219268.000000,22.3003200000,114.1795798333,3.9000,97.022500,97.022500,248.377600,0,15,single,ublox_m8t_gej
1621219269.000000,22.3003018333,114.1795908333,4.9000,47.610000,47.610000,121.881600,0,15,single,ublox_m8t_gej
1621219270.000000,22.3002820000,114.1796031667,7.0000,88.360000,88.360000,226.201600,0,15,single,ublox_m8t_gej
1621219271.000000,22.3002611667,114.1796140000,9.6000,30.250000,30.250000,77.440000,0,15,single,ublox_m8t_gej
1621219272.000000,22.3002435000,114.1796253333,10.1000,35.402500,35.402500,90.630400,0,15,single,ublox_m8t_gej
1621219273.000000,22.3002270000,114.1796358333,11.1000,44.890000,44.890000,114.918400,0,15,single,ublox_m8t_gej
1621219274.000000,22.3002113333,114.1796445000,11.9000,44.890000,44.890000,114.918400,0,15,single,ublox_m8t_gej
1621219275.000000,22.3001778333,114.1796636667,13.9000,25.000000,25.000000,64.000000,0,15,single,ublox_m8t_gej
1621219276.000000,22.3001406667,114.1796851667,14.0000,25.502500,25.502500,65.286400,0,15,single,ublox_m8t_gej
1621219278.000000,22.2989808333,114.1786706667,-1.9000,59.290000,59.290000,151.782400,0,15,single,ublox_m8t_gej
1621219279.000000,22.2989505000,114.1786525000,-2.2000,60.840000,60.840000,155.750400,0,15,single,ublox_m8t_gej
1621219280.000000,22.2989235000,114.1786401667,1.0000,25.000000,25.000000,64.000000,0,15,single,ublox_m8t_gej
1621219281.000000,22.2989003333,114.1786378333,3.5000,57.760000,57.760000,147.865600,0,15,single,ublox_m8t_gej
1621219282.000000,22.2988753333,114.1786353333,6.5000,127.690000,127.690000,326.886400,0,15,single,ublox_m8t_gej
1621219283.000000,22.2988540000,114.1786361667,9.0000,56.250000,56.250000,144.000000,0,15,single,ublox_m8t_gej
1621219284.000000,22.2988340000,114.1786390000,10.7000,60.062500,60.062500,153.760000,0,15,single,ublox_m8t_gej
1621219285.000000,22.2988146667,114.1786423333,14.2000,32.490000,32.490000,83.174400,0,15,single,ublox_m8t_gej
1621219286.000000,22.2987921667,114.1786381667,12.6000,25.000000,25.000000,64.000000,0,15,single,ublox_m8t_gej
1621219287.000000,22.2987780000,114.1786461667,14.8000,32.490000,32.490000,83.174400,0,15,single,ublox_m8t_gej
1621219288.000000,22.2987466667,114.1786253333,6.9000,25.000000,25.000000,64.000000,0,15,single,ublox_m8t_gej
1621219289.000000,22.2987016667,114.1785796667,-10.5000,25.000000,25.000000,64.000000,0,15,single,ublox_m8t_gej
1621219290.000000,22.2986845000,114.1785870000,-8.2000,29.160000,29.160000,74.649600,0,15,single,ublox_m8t_gej
1621219291.000000,22.2986603333,114.1785823333,-10.1000,26.522500,26.522500,67.897600,0,15,single,ublox_m8t_gej
1621219292.000000,22.2986286667,114.1785665000,-17.0000,25.000000,25.000000,64.000000,0,15,single,ublox_m8t_gej
1621219293.000000,22.2985783333,114.1785185000,-36.3000,25.000000,25.000000,64.000000,0,15,single,ublox_m8t_gej
1621219294.000000,22.2985523333,114.1785125000,-39.9000,27.040000,27.040000,69.222400,0,15,single,ublox_m8t_gej
1621219295.000000,22.2985330000,114.1785148333,-38.9000,25.000000,25.000000,64.000000,0,15,single,ublox_m8t_gej
1621219296.000000,22.2985110000,114.1785128333,-39.3000,25.000000,25.000000,64.000000,0,15,single,ublox_m8t_gej
1621219297.000000,22.2984938333,114.1785158333,-36.6000,26.522500,26.522500,67.897600,0,15,single,ublox_m8t_gej
1621219298.000000,22.2984748333,114.1785226667,-34.2000,25.000000,25.000000,64.000000,0,15,single,ublox_m8t_gej
1621219299.000000,22.2984706667,114.1784925000,-26.7000,25.502500,25.502500,65.286400,0,15,single,ublox_m8t_gej
1621219300.000000,22.2984468333,114.1785006667,-25.1000,65.610000,65.610000,167.961600,0,15,single,ublox_m8t_gej
1621219301.000000,22.2984271667,114.1785065000,-23.2000,25.000000,25.000000,64.000000,0,15,single,ublox_m8t_gej
1621219302.000000,22.2984058333,114.1785111667,-20.5000,25.000000,25.000000,64.000000,0,15,single,ublox_m8t_gej
1621219303.000000,22.2983838333,114.1785166667,-18.0000,34.222500,34.222500,87.609600,0,15,single,ublox_m8t_gej
1621219304.000000,22.2983591667,114.1785200000,-14.4000,64.000000,64.000000,163.840000,0,15,single,ublox_m8t_gej
1621219305.000000,22.2983366667,114.1785231667,-11.5000,64.000000,64.000000,163.840000,0,15,single,ublox_m8t_gej
1621219306.000000,22.2983178333,114.1785308333,-10.1000,49.000000,49.000000,125.440000,0,15,single,ublox_m8t_gej
1621219307.000000,22.2982983333,114.1785388333,-8.6000,64.802500,64.802500,165.894400,0,15,single,ublox_m8t_gej
1621219308.000000,22.2982791667,114.1785468333,-7.4000,64.802500,64.802500,165.894400,0,15,single,ublox_m8t_gej
1621219309.000000,22.2982626667,114.1785510000,-5.9000,51.840000,51.840000,132.710400,0,15,single,ublox_m8t_gej
1621219310.000000,22.2982456667,114.1785513333,-3.6000,28.090000,28.090000,71.910400,0,15,single,ublox_m8t_gej
1621219311.000000,22.2982236667,114.1785578333,-2.1000,44.222500,44.222500,113.209600,0,15,single,ublox_m8t_gej
1621219312.000000,22.2982063333,114.1785618333,-0.6000,55.502500,55.502500,142.086400,0,15,single,ublox_m8t_gej
1621219313.000000,22.2981861667,114.1785700000,0.6000,56.250000,56.250000,144.000000,0,15,single,ublox_m8t_gej
1621219314.000000,22.2981680000,114.1785748333,2.1000,29.160000,29.160000,74.649600,0,15,single,ublox_m8t_gej
1621219315.000000,22.2981496667,114.1785805000,3.5000,105.062500,105.062500,268.960000,0,15,single,ublox_m8t_gej
1621219316.000000,22.2981310000,114.1785883333,4.4000,165.122500,165.122500,422.713600,0,15,single,ublox_m8t_gej
1621219317.000000,22.2981138333,114.1785885000,6.1000,35.402500,35.402500,90.630400,0,15,single,ublox_m8t_gej
1621219318.000000,22.2980928333,114.1785956667,7.8000,131.102500,131.102500,335.622400,0,15,single,ublox_m8t_gej
1621219319.000000,22.2980670000,114.1786055000,9.2000,251.222500,251.222500,643.129600,0,15,single,ublox_m8t_gej
1621219320.000000,22.2980386667,114.1786141667,11.6000,59.290000,59.290000,151.782400,0,15,single,ublox_m8t_gej
1621219321.000000,22.2980168333,114.1786206667,12.9000,27.040000,27.040000,69.222400,0,15,single,ublox_m8t_gej
1621219322.000000,22.2979990000,114.1786271667,13.8000,122.102500,122.102500,312.582400,0,15,single,ublox_m8t_gej
1621219323.000000,22.2979816667,114.1786328333,14.6000,43.560000,43.560000,111.513600,0,15,single,ublox_m8t_gej
1621219324.000000,22.2979620000,114.1786398333,14.1000,186.322500,186.322500,476.985600,0,15,single,ublox_m8t_gej
1621219325.000000,22.2979423333,114.1786475000,14.1000,28.622500,28.622500,73.273600,0,15,single,ublox_m8t_gej
1621219326.000000,22.2979210000,114.1786526667,15.1000,62.410000,62.410000,159.769600,0,15,single,ublox_m8t_gej
1621219327.000000,22.2979020000,114.1786450000,18.0000,69.722500,69.722500,178.489600,0,15,single,ublox_m8t_gej
1621219328.000000,22.2978798333,114.1786500000,20.0000,426.422500,426.422500,1091.641600,0,15,single,ublox_m8t_gej
1621219329.000000,22.2978581667,114.1786591667,20.4000,58.522500,58.522500,149.817600,0,15,single,ublox_m8t_gej
1621219330.000000,22.2978368333,114.1786668333,20.9000,251.222500,251.222500,643.129600,0,15,single,ublox_m8t_gej
1621219331.000000,22.2978156667,114.1786748333,21.6000,169.000000,169.000000,432.640000,0,15,single,ublox_m8t_gej
1621219332.000000,22.2977950000,114.1786821667,22.6000,251.222500,251.222500,643.129600,0,15,single,ublox_m8t_gej
1621219333.000000,22.2977748333,114.1786896667,23.6000,249.640000,249.640000,639.078400,0,15,single,ublox_m8t_gej
1621219334.000000,22.2977558333,114.1786946667,25.1000,52.562500,52.562500,134.560000,0,15,single,ublox_m8t_gej
1621219335.000000,22.2977370000,114.1787033333,25.7000,57.002500,57.002500,145.926400,0,15,single,ublox_m8t_gej
1621219336.000000,22.2977178333,114.1787105000,26.8000,428.490000,428.490000,1096.934400,0,15,single,ublox_m8t_gej
1621219339.000000,22.2971401667,114.1763146667,26.2000,37.822500,37.822500,96.825600,0,15,single,ublox_m8t_gej
1621219340.000000,22.2971283333,114.1762846667,29.1000,34.222500,34.222500,87.609600,0,15,single,ublox_m8t_gej
1621219341.000000,22.2971131667,114.1762701667,33.0000,37.822500,37.822500,96.825600,0,15,single,ublox_m8t_gej
1621219342.000000,22.2971016667,114.1762725000,33.2000,37.822500,37.822500,96.825600,0,15,single,ublox_m8t_gej
1621219343.000000,22.2970953333,114.1762603333,34.5000,37.822500,37.822500,96.825600,0,15,single,ublox_m8t_gej
1621219344.000000,22.2970948333,114.1762560000,35.4000,37.822500,37.822500,96.825600,0,15,single,ublox_m8t_gej
1621219345.000000,22.2970963333,114.1762535000,34.7000,28.622500,28.622500,73.273600,0,15,single,ublox_m8t_gej
1621219346.000000,22.2970938333,114.1762503333,35.1000,28.622500,28.622500,73.273600,0,15,single,ublox_m8t_gej
1621219347.000000,22.2970911667,114.1762496667,34.1000,28.622500,28.622500,73.273600,0,15,single,ublox_m8t_gej
1621219348.000000,22.2970905000,114.1762491667,33.9000,34.222500,34.222500,87.609600,0,15,single,ublox_m8t_gej
1621219349.000000,22.2970850000,114.1762526667,32.7000,34.222500,34.222500,87.609600,0,15,single,ublox_m8t_gej
1621219350.000000,22.2970801667,114.1762546667,31.9000,28.622500,28.622500,73.273600,0,15,single,ublox_m8t_gej
1621219351.000000,22.2970728333,114.1762598333,30.6000,34.222500,34.222500,87.609600,0,15,single,ublox_m8t_gej
1621219352.000000,22.2970625000,114.1762655000,30.0000,28.622500,28.622500,73.273600,0,15,single,ublox_m8t_gej
1621219353.000000,22.2970533333,114.1762703333,29.4000,25.000000,25.000000,64.000000,0,15,single,ublox_m8t_gej
1621219354.000000,22.2970433333,114.1762726667,29.9000,34.222500,34.222500,87.609600,0,15,single,ublox_m8t_gej
1621219355.000000,22.2970340000,114.1762765000,30.0000,34.222500,34.222500,87.609600,0,15,single,ublox_m8t_gej
1621219356.000000,22.2970253333,114.1762818333,29.4000,34.222500,34.222500,87.609600,0,15,single,ublox_m8t_gej
1621219357.000000,22.2970175000,114.1762856667,29.2000,34.222500,34.222500,87.609600,0,15,single,ublox_m8t_gej
1621219358.000000,22.2970093333,114.1762865000,29.4000,34.222500,34.222500,87.609600,0,15,single,ublox_m8t_gej
1621219359.000000,22.2970016667,114.1762893333,29.2000,37.822500,37.822500,96.825600,0,15,single,ublox_m8t_gej
1621219360.000000,22.2969930000,114.1762906667,29.2000,37.822500,37.822500,96.825600,0,15,single,ublox_m8t_gej
1621219361.000000,22.2969873333,114.1762913333,29.1000,34.222500,34.222500,87.609600,0,15,single,ublox_m8t_gej
1621219362.000000,22.2969791667,114.1762943333,29.0000,34.222500,34.222500,87.609600,0,15,single,ublox_m8t_gej
1621219363.000000,22.2969726667,114.1762965000,29.1000,34.222500,34.222500,87.609600,0,15,single,ublox_m8t_gej
1621219364.000000,22.2969648333,114.1762976667,29.2000,28.622500,28.622500,73.273600,0,15,single,ublox_m8t_gej
1621219365.000000,22.2969575000,114.1762960000,29.3000,25.000000,25.000000,64.000000,0,15,single,ublox_m8t_gej
1621219366.000000,22.2969480000,114.1763030000,28.0000,48.302500,48.302500,123.654400,0,15,single,ublox_m8t_gej
1621219367.000000,22.2969378333,114.1763075000,27.7000,28.090000,28.090000,71.910400,0,15,single,ublox_m8t_gej
1621219368.000000,22.2969296667,114.1763125000,27.3000,43.560000,43.560000,111.513600,0,15,single,ublox_m8t_gej
1621219369.000000,22.2969321667,114.1763153333,26.5000,44.890000,44.890000,114.918400,0,15,single,ublox_m8t_gej
1621219370.000000,22.2969310000,114.1763193333,25.8000,42.902500,42.902500,109.830400,0,15,single,ublox_m8t_gej
1621219371.000000,22.2969295000,114.1763228333,25.3000,27.040000,27.040000,69.222400,0,15,single,ublox_m8t_gej
1621219372.000000,22.2969340000,114.1763250000,23.7000,66.422500,66.422500,170.041600,0,15,single,ublox_m8t_gej
1621219373.000000,22.2969443333,114.1763325000,21.5000,51.122500,51.122500,130.873600,0,15,single,ublox_m8t_gej
1621219374.000000,22.2969590000,114.1763376667,20.1000,51.122500,51.122500,130.873600,0,15,single,ublox_m8t_gej
1621219376.000000,22.2969398333,114.1763435000,18.8000,82.810000,82.810000,211.993600,0,15,single,ublox_m8t_gej
1621219377.000000,22.2969285000,114.1763483333,19.1000,82.810000,82.810000,211.993600,0,15,single,ublox_m8t_gej
1621219378.000000,22.2969173333,114.1763551667,18.8000,216.090000,216.090000,553.190400,0,15,single,ublox_m8t_gej
1621219380.000000,22.2973106667,114.1758316667,22.6000,216.090000,216.090000,553.190400,0,15,single,ublox_m8t_gej
1621219381.000000,22.2974848333,114.1755875000,20.2000,147.622500,147.622500,377.913600,0,15,single,ublox_m8t_gej
1621219382.000000,22.2975743333,114.1755201667,22.0000,38.440000,38.440000,98.406400,0,15,single,ublox_m8t_gej
1621219383.000000,22.2976543333,114.1755031667,23.4000,45.562500,45.562500,116.640000,0,15,single,ublox_m8t_gej
1621219384.000000,22.2977240000,114.1755115000,22.9000,147.622500,147.622500,377.913600,0,15,single,ublox_m8t_gej
1621219385.000000,22.2978003333,114.1754990000,24.2000,64.000000,64.000000,163.840000,0,15,single,ublox_m8t_gej
1621219386.000000,22.2978751667,114.1754980000,24.9000,64.000000,64.000000,163.840000,0,15,single,ublox_m8t_gej
1621219387.000000,22.2979463333,114.1755110000,25.2000,45.562500,45.562500,116.640000,0,15,single,ublox_m8t_gej
1621219388.000000,22.2980186667,114.1755225000,24.5000,35.402500,35.402500,90.630400,0,15,single,ublox_m8t_gej
1621219389.000000,22.2980890000,114.1755320000,25.6000,59.290000,59.290000,151.782400,0,15,single,ublox_m8t_gej
1621219390.000000,22.2981658333,114.1755323333,27.0000,65.610000,65.610000,167.961600,0,15,single,ublox_m8t_gej
1621219391.000000,22.2982423333,114.1755320000,27.7000,211.702500,211.702500,541.958400,0,15,single,ublox_m8t_gej
1621219392.000000,22.2983233333,114.1755351667,28.3000,211.702500,211.702500,541.958400,0,15,single,ublox_m8t_gej
1621219393.000000,22.2984000000,114.1755518333,26.5000,213.160000,213.160000,545.689600,0,15,single,ublox_m8t_gej
1621219394.000000,22.2984790000,114.1755676667,24.9000,213.160000,213.160000,545.689600,0,15,single,ublox_m8t_gej
1621219395.000000,22.2985563333,114.1755900000,23.5000,65.610000,65.610000,167.961600,0,15,single,ublox_m8t_gej
1621219396.000000,22.2986341667,114.1756008333,22.8000,65.610000,65.610000,167.961600,0,15,single,ublox_m8t_gej
1621219397.000000,22.2987118333,114.1756160000,22.5000,65.610000,65.610000,167.961600,0,15,single,ublox_m8t_gej
1621219398.000000,22.2987938333,114.1756301667,22.7000,65.610000,65.610000,167.961600,0,15,single,ublox_m8t_gej
1621219399.000000,22.2988790000,114.1756431667,22.5000,65.610000,65.610000,167.961600,0,15,single,ublox_m8t_gej
1621219400.000000,22.2989610000,114.1756533333,22.0000,65.610000,65.610000,167.961600,0,15,single,ublox_m8t_gej
1621219401.000000,22.2990428333,114.1756680000,21.5000,65.610000,65.610000,167.961600,0,15,single,ublox_m8t_gej
1621219402.000000,22.2991225000,114.1756730000,20.9000,65.610000,65.610000,167.961600,0,15,single,ublox_m8t_gej
1621219403.000000,22.2992013333,114.1756850000,18.7000,65.610000,65.610000,167.961600,0,15,single,ublox_m8t_gej
1621219404.000000,22.2992828333,114.1757086667,17.0000,63.202500,63.202500,161.798400,0,15,single,ublox_m8t_gej
1621219405.000000,22.2993666667,114.1757451667,13.3000,65.610000,65.610000,167.961600,0,15,single,ublox_m8t_gej
1621219406.000000,22.2994590000,114.1757811667,11.3000,65.610000,65.610000,167.961600,0,15,single,ublox_m8t_gej
1621219407.000000,22.2995508333,114.1758145000,10.2000,47.610000,47.610000,121.881600,0,15,single,ublox_m8t_gej
1621219408.000000,22.2996350000,114.1758391667,8.2000,65.610000,65.610000,167.961600,0,15,single,ublox_m8t_gej
1621219409.000000,22.2997211667,114.1758686667,7.9000,65.610000,65.610000,167.961600,0,15,single,ublox_m8t_gej
1621219410.000000,22.2998086667,114.1759016667,7.5000,28.622500,28.622500,73.273600,0,15,single,ublox_m8t_gej
1621219411.000000,22.2998911667,114.1759246667,7.3000,28.622500,28.622500,73.273600,0,15,single,ublox_m8t_gej
1621219412.000000,22.2999716667,114.1759396667,6.9000,47.610000,47.610000,121.881600,0,15,single,ublox_m8t_gej
1621219413.000000,22.3000506667,114.1759555000,6.5000,28.622500,28.622500,73.273600,0,15,single,ublox_m8t_gej
1621219414.000000,22.3001216667,114.1759601667,6.7000,40.322500,40.322500,103.225600,0,15,single,ublox_m8t_gej
1621219415.000000,22.3001765000,114.1759616667,6.8000,213.160000,213.160000,545.689600,0,15,single,ublox_m8t_gej
1621219416.000000,22.3002225000,114.1759773333,3.4000,47.610000,47.610000,121.881600,0,15,single,ublox_m8t_gej
1621219417.000000,22.3002665000,114.1759911667,-1.2000,65.610000,65.610000,167.961600,0,15,single,ublox_m8t_gej
1621219418.000000,22.3003303333,114.1760273333,-0.5000,133.402500,133.402500,341.510400,0,15,single,ublox_m8t_gej
1621219419.000000,22.3003808333,114.1760641667,2.2000,99.002500,99.002500,253.446400,0,15,single,ublox_m8t_gej
1621219420.000000,22.3004175000,114.1761290000,3.3000,158.760000,158.760000,406.425600,0,15,single,ublox_m8t_gej
1621219421.000000,22.3004535000,114.1761781667,4.4000,187.690000,187.690000,480.486400,0,15,single,ublox_m8t_gej
1621219422.000000,22.3004991667,114.1762003333,3.1000,25.000000,25.000000,64.000000,0,15,single,ublox_m8t_gej
1621219423.000000,22.3005373333,114.1762103333,0.3000,76.562500,76.562500,196.000000,0,15,single,ublox_m8t_gej
1621219424.000000,22.3005651667,114.1762450000,0.5000,256.000000,256.000000,655.360000,0,15,single,ublox_m8t_gej
1621219425.000000,22.3005926667,114.1762705000,0.5000,106.090000,106.090000,271.590400,0,15,single,ublox_m8t_gej
1621219426.000000,22.3006203333,114.1762915000,0.7000,31.922500,31.922500,81.721600,0,15,single,ublox_m8t_gej
1621219427.000000,22.3006461667,114.1763111667,1.5000,59.290000,59.290000,151.782400,0,15,single,ublox_m8t_gej
1621219428.000000,22.3006750000,114.1763268333,2.7000,33.640000,33.640000,86.118400,0,15,single,ublox_m8t_gej
1621219429.000000,22.3006876667,114.1763321667,0.5000,25.000000,25.000000,64.000000,0,15,single,ublox_m8t_gej
1621219430.000000,22.3007140000,114.1763456667,0.8000,81.000000,81.000000,207.360000,0,15,single,ublox_m8t_gej
1621219431.000000,22.3007391667,114.1763583333,1.2000,25.502500,25.502500,65.286400,0,15,single,ublox_m8t_gej
1621219432.000000,22.3004066667,114.1761483333,5.3000,36.000000,36.000000,92.160000,0,15,single,ublox_m8t_gej
1621219433.000000,22.3003890000,114.1761195000,6.6000,66.422500,66.422500,170.041600,0,15,single,ublox_m8t_gej
1621219434.000000,22.3003871667,114.1761190000,8.0000,25.000000,25.000000,64.000000,0,15,single,ublox_m8t_gej
1621219435.000000,22.3003963333,114.1761233333,11.2000,28.090000,28.090000,71.910400,0,15,single,ublox_m8t_gej
1621219436.000000,22.3003968333,114.1761236667,13.9000,45.562500,45.562500,116.640000,0,15,single,ublox_m8t_gej
1621219437.000000,22.3004093333,114.1761291667,14.7000,35.402500,35.402500,90.630400,0,15,single,ublox_m8t_gej
1621219438.000000,22.3004293333,114.1761396667,16.1000,25.000000,25.000000,64.000000,0,15,single,ublox_m8t_gej
1621219439.000000,22.3004515000,114.1761508333,16.8000,25.000000,25.000000,64.000000,0,15,single,ublox_m8t_gej
1621219440.000000,22.3004791667,114.1761638333,17.4000,25.000000,25.000000,64.000000,0,15,single,ublox_m8t_gej
1621219441.000000,22.3005183333,114.1761840000,18.1000,25.000000,25.000000,64.000000,0,15,single,ublox_m8t_gej
1621219442.000000,22.3005485000,114.1762001667,17.9000,45.562500,45.562500,116.640000,0,15,single,ublox_m8t_gej
1621219443.000000,22.3005788333,114.1762160000,17.4000,25.000000,25.000000,64.000000,0,15,single,ublox_m8t_gej
1621219444.000000,22.3006103333,114.1762316667,17.9000,26.522500,26.522500,67.897600,0,15,single,ublox_m8t_gej
1621219445.000000,22.3006508333,114.1762496667,18.1000,30.250000,30.250000,77.440000,0,15,single,ublox_m8t_gej
1621219446.000000,22.3006868333,114.1762690000,17.2000,29.160000,29.160000,74.649600,0,15,single,ublox_m8t_gej
1621219447.000000,22.3007323333,114.1762883333,16.3000,42.902500,42.902500,109.830400,0,15,single,ublox_m8t_gej
1621219448.000000,22.3007850000,114.1763001667,12.0000,119.902500,119.902500,306.950400,0,15,single,ublox_m8t_gej
1621219449.000000,22.3008583333,114.1763150000,5.4000,54.760000,54.760000,140.185600,0,15,single,ublox_m8t_gej
1621219450.000000,22.3009141667,114.1763808333,-4.8000,44.222500,44.222500,113.209600,0,15,single,ublox_m8t_gej
1621219451.000000,22.3009868333,114.1764040000,-20.0000,136.890000,136.890000,350.438400,0,15,single,ublox_m8t_gej
1621219452.000000,22.3010488333,114.1764260000,-22.0000,49.000000,49.000000,125.440000,0,15,single,ublox_m8t_gej
1621219453.000000,22.3011630000,114.1764431667,-21.8000,49.702500,49.702500,127.238400,0,15,single,ublox_m8t_gej
1621219454.000000,22.3012138333,114.1764626667,-26.4000,163.840000,163.840000,419.430400,0,15,single,ublox_m8t_gej
1621219455.000000,22.3012998333,114.1764923333,-28.3000,37.822500,37.822500,96.825600,0,15,single,ublox_m8t_gej
1621219456.000000,22.3014523333,114.1765288333,-23.1000,28.090000,28.090000,71.910400,0,15,single,ublox_m8t_gej
1621219457.000000,22.3015903333,114.1765800000,-17.7000,27.562500,27.562500,70.560000,0,15,single,ublox_m8t_gej
1621219458.000000,22.3017598333,114.1766486667,3.2000,25.000000,25.000000,64.000000,0,15,single,ublox_m8t_gej
1621219459.000000,22.3018238333,114.1766623333,2.7000,30.802500,30.802500,78.854400,0,15,single,ublox_m8t_gej
1621219460.000000,22.3018690000,114.1766835000,2.1000,30.802500,30.802500,78.854400,0,15,single,ublox_m8t_gej
1621219461.000000,22.3019163333,114.1766858333,0.6000,25.000000,25.000000,64.000000,0,15,single,ublox_m8t_gej
1621219462.000000,22.3019510000,114.1766773333,6.4000,25.000000,25.000000,64.000000,0,15,single,ublox_m8t_gej
1621219463.000000,22.3019856667,114.1766686667,11.8000,25.000000,25.000000,64.000000,0,15,single,ublox_m8t_gej
1621219464.000000,22.3020151667,114.1766756667,16.1000,33.640000,33.640000,86.118400,0,15,single,ublox_m8t_gej
1621219465.000000,22.3020428333,114.1766916667,19.8000,25.000000,25.000000,64.000000,0,15,single,ublox_m8t_gej
1621219466.000000,22.3020696667,114.1767063333,23.3000,33.640000,33.640000,86.118400,0,15,single,ublox_m8t_gej
1621219467.000000,22.3020968333,114.1767178333,26.2000,33.640000,33.640000,86.118400,0,15,single,ublox_m8t_gej
1621219468.000000,22.3021231667,114.1767295000,29.3000,138.062500,138.062500,353.440000,0,15,single,ublox_m8t_gej
1621219469.000000,22.3021480000,114.1767381667,32.6000,49.000000,49.000000,125.440000,0,15,single,ublox_m8t_gej
1621219470.000000,22.3021701667,114.1767466667,35.5000,30.802500,30.802500,78.854400,0,15,single,ublox_m8t_gej
1621219471.000000,22.3021901667,114.1767556667,37.9000,27.040000,27.040000,69.222400,0,15,single,ublox_m8t_gej
1621219472.000000,22.3022093333,114.1767645000,40.2000,30.802500,30.802500,78.854400,0,15,single,ublox_m8t_gej
1621219473.000000,22.3022271667,114.1767730000,42.3000,30.802500,30.802500,78.854400,0,15,single,ublox_m8t_gej
1621219474.000000,22.3022436667,114.1767811667,44.2000,30.802500,30.802500,78.854400,0,15,single,ublox_m8t_gej
1621219475.000000,22.3022590000,114.1767885000,45.8000,30.802500,30.802500,78.854400,0,15,single,ublox_m8t_gej
1621219476.000000,22.3022755000,114.1767965000,47.9000,27.040000,27.040000,69.222400,0,15,single,ublox_m8t_gej
1621219477.000000,22.3022901667,114.1768038333,49.7000,27.040000,27.040000,69.222400,0,15,single,ublox_m8t_gej
1621219478.000000,22.3023053333,114.1768106667,51.5000,25.000000,25.000000,64.000000,0,15,single,ublox_m8t_gej
1621219479.000000,22.3023175000,114.1768166667,52.9000,29.160000,29.160000,74.649600,0,15,single,ublox_m8t_gej
1621219480.000000,22.3023330000,114.1768245000,55.0000,25.000000,25.000000,64.000000,0,15,single,ublox_m8t_gej
1621219481.000000,22.3023486667,114.1768315000,57.1000,29.160000,29.160000,74.649600,0,15,single,ublox_m8t_gej
1621219482.000000,22.3023600000,114.1768365000,58.4000,27.562500,27.562500,70.560000,0,15,single,ublox_m8t_gej
1621219483.000000,22.3023715000,114.1768413333,59.6000,26.522500,26.522500,67.897600,0,15,single,ublox_m8t_gej
1621219484.000000,22.3023815000,114.1768440000,60.5000,49.000000,49.000000,125.440000,0,15,single,ublox_m8t_gej
1621219485.000000,22.3024010000,114.1768515000,62.3000,29.160000,29.160000,74.649600,0,15,single,ublox_m8t_gej
1621219486.000000,22.3024176667,114.1768576667,63.5000,29.160000,29.160000,74.649600,0,15,single,ublox_m8t_gej
1621219487.000000,22.3024435000,114.1768665000,65.9000,139.240000,139.240000,356.454400,0,15,single,ublox_m8t_gej
1621219488.000000,22.3024706667,114.1768748333,68.2000,49.000000,49.000000,125.440000,0,15,single,ublox_m8t_gej
1621219489.000000,22.3024995000,114.1768838333,70.7000,49.000000,49.000000,125.440000,0,15,single,ublox_m8t_gej
1621219490.000000,22.3025255000,114.1768931667,73.0000,29.160000,29.160000,74.649600,0,15,single,ublox_m8t_gej
1621219491.000000,22.3025531667,114.1769038333,75.2000,49.000000,49.000000,125.440000,0,15,single,ublox_m8t_gej
1621219492.000000,22.3025841667,114.1769166667,77.0000,140.422500,140.422500,359.481600,0,15,single,ublox_m8t_gej
1621219493.000000,22.3026326667,114.1769331667,80.0000,49.000000,49.000000,125.440000,0,15,single,ublox_m8t_gej
1621219494.000000,22.3026815000,114.1769505000,82.5000,169.000000,169.000000,432.640000,0,15,single,ublox_m8t_gej
1621219495.000000,22.3027356667,114.1769710000,84.8000,169.000000,169.000000,432.640000,0,15,single,ublox_m8t_gej
1621219496.000000,22.3027895000,114.1769940000,85.7000,140.422500,140.422500,359.481600,0,15,single,ublox_m8t_gej
1621219497.000000,22.3028433333,114.1770158333,88.0000,25.000000,25.000000,64.000000,0,15,single,ublox_m8t_gej
1621219498.000000,22.3029166667,114.1770521667,90.5000,45.562500,45.562500,116.640000,0,15,single,ublox_m8t_gej
1621219499.000000,22.3029613333,114.1770786667,88.6000,25.000000,25.000000,64.000000,0,15,single,ublox_m8t_gej
1621219500.000000,22.3030015000,114.1771130000,86.5000,25.000000,25.000000,64.000000,0,15,single,ublox_m8t_gej
1621219501.000000,22.3030216667,114.1771383333,85.6000,25.000000,25.000000,64.000000,0,15,single,ublox_m8t_gej
1621219502.000000,22.3030260000,114.1771630000,82.9000,45.562500,45.562500,116.640000,0,15,single,ublox_m8t_gej
1621219503.000000,22.3030398333,114.1771871667,83.6000,25.000000,25.000000,64.000000,0,15,single,ublox_m8t_gej
1621219504.000000,22.3030583333,114.1772063333,84.4000,51.122500,51.122500,130.873600,0,15,single,ublox_m8t_gej
1621219505.000000,22.3030730000,114.1772248333,84.7000,47.610000,47.610000,121.881600,0,15,single,ublox_m8t_gej
1621219506.000000,22.3030870000,114.1772383333,84.9000,25.502500,25.502500,65.286400,0,15,single,ublox_m8t_gej
1621219507.000000,22.3030860000,114.1772495000,82.3000,25.502500,25.502500,65.286400,0,15,single,ublox_m8t_gej
1621219508.000000,22.3030903333,114.1772626667,80.7000,27.040000,27.040000,69.222400,0,15,single,ublox_m8t_gej
1621219509.000000,22.3031066667,114.1772775000,81.3000,33.062500,33.062500,84.640000,0,15,single,ublox_m8t_gej
1621219510.000000,22.3031241667,114.1772923333,81.9000,33.640000,33.640000,86.118400,0,15,single,ublox_m8t_gej
1621219511.000000,22.3031443333,114.1773076667,82.8000,49.702500,49.702500,127.238400,0,15,single,ublox_m8t_gej
1621219512.000000,22.3031556667,114.1773188333,81.8000,51.122500,51.122500,130.873600,0,15,single,ublox_m8t_gej
1621219513.000000,22.3031665000,114.1773300000,80.8000,51.122500,51.122500,130.873600,0,15,single,ublox_m8t_gej
1621219514.000000,22.3031831667,114.1773501667,81.3000,33.640000,33.640000,86.118400,0,15,single,ublox_m8t_gej
1621219515.000000,22.3031981667,114.1773710000,81.6000,50.410000,50.410000,129.049600,0,15,single,ublox_m8t_gej
1621219516.000000,22.3032118333,114.1773918333,81.6000,68.062500,68.062500,174.240000,0,15,single,ublox_m8t_gej
1621219517.000000,22.3032150000,114.1773971667,79.1000,63.202500,63.202500,161.798400,0,15,single,ublox_m8t_gej
1621219518.000000,22.3032231667,114.1774105000,78.8000,31.922500,31.922500,81.721600,0,15,single,ublox_m8t_gej
1621219519.000000,22.3032390000,114.1774231667,78.8000,55.502500,55.502500,142.086400,0,15,single,ublox_m8t_gej
1621219520.000000,22.3032568333,114.1774385000,79.4000,47.610000,47.610000,121.881600,0,15,single,ublox_m8t_gej
1621219521.000000,22.3032773333,114.1774516667,80.3000,48.302500,48.302500,123.654400,0,15,single,ublox_m8t_gej
1621219522.000000,22.3032956667,114.1774653333,80.9000,46.922500,46.922500,120.121600,0,15,single,ublox_m8t_gej
1621219523.000000,22.3033155000,114.1774786667,81.7000,134.560000,134.560000,344.473600,0,15,single,ublox_m8t_gej
1621219524.000000,22.3033358333,114.1774931667,82.5000,31.922500,31.922500,81.721600,0,15,single,ublox_m8t_gej
1621219525.000000,22.3033568333,114.1775066667,83.5000,73.102500,73.102500,187.142400,0,15,single,ublox_m8t_gej
1621219526.000000,22.3033783333,114.1775205000,84.7000,118.810000,118.810000,304.153600,0,15,single,ublox_m8t_gej
1621219527.000000,22.3033978333,114.1775341667,85.5000,41.602500,41.602500,106.502400,0,15,single,ublox_m8t_gej
1621219528.000000,22.3034175000,114.1775476667,86.1000,306.250000,306.250000,784.000000,0,15,single,ublox_m8t_gej
1621219529.000000,22.3034335000,114.1775601667,86.1000,228.010000,228.010000,583.705600,0,15,single,ublox_m8t_gej
1621219530.000000,22.3034495000,114.1775726667,86.2000,228.010000,228.010000,583.705600,0,15,single,ublox_m8t_gej
1621219531.000000,22.3034666667,114.1775856667,86.6000,228.010000,228.010000,583.705600,0,15,single,ublox_m8t_gej
1621219532.000000,22.3034858333,114.1775991667,87.3000,308.002500,308.002500,788.486400,0,15,single,ublox_m8t_gej
1621219533.000000,22.3035031667,114.1776115000,87.4000,378.302500,378.302500,968.454400,0,15,single,ublox_m8t_gej
1621219534.000000,22.3035168333,114.1776236667,87.1000,308.002500,308.002500,788.486400,0,15,single,ublox_m8t_gej
1621219536.000000,22.3035221667,114.1776440000,81.1000,490.622500,490.622500,1255.993600,0,15,single,ublox_m8t_gej
1621219537.000000,22.3035185000,114.1776528333,76.9000,70.560000,70.560000,180.633600,0,15,single,ublox_m8t_gej
1621219538.000000,22.3035155000,114.1776546667,73.9000,160.022500,160.022500,409.657600,0,15,single,ublox_m8t_gej
1621219539.000000,22.3035310000,114.1776656667,73.8000,71.402500,71.402500,182.790400,0,15,single,ublox_m8t_gej
1621219540.000000,22.3035518333,114.1776795000,74.8000,67.240000,67.240000,172.134400,0,15,single,ublox_m8t_gej
1621219541.000000,22.3035715000,114.1776928333,75.9000,535.922500,535.922500,1371.961600,0,15,single,ublox_m8t_gej
1621219542.000000,22.3035913333,114.1777058333,76.8000,139.240000,139.240000,356.454400,0,15,single,ublox_m8t_gej
1621219543.000000,22.3036103333,114.1777186667,77.9000,76.562500,76.562500,196.000000,0,15,single,ublox_m8t_gej
1621219544.000000,22.3036150000,114.1777280000,75.7000,79.210000,79.210000,202.777600,0,15,single,ublox_m8t_gej
1621219545.000000,22.3036146667,114.1777328333,75.0000,121.000000,121.000000,309.760000,0,15,single,ublox_m8t_gej
1621219546.000000,22.3036051667,114.1777340000,74.4000,114.490000,114.490000,293.094400,0,15,single,ublox_m8t_gej
1621219548.000000,22.3035523333,114.1777221667,71.6000,344.102500,344.102500,880.902400,0,15,single,ublox_m8t_gej
1621219549.000000,22.3035185000,114.1777115000,63.9000,52.562500,52.562500,134.560000,0,15,single,ublox_m8t_gej
1621219550.000000,22.3035181667,114.1777203333,64.8000,146.410000,146.410000,374.809600,0,15,single,ublox_m8t_gej
1621219551.000000,22.3035183333,114.1777320000,66.2000,44.222500,44.222500,113.209600,0,15,single,ublox_m8t_gej
1621219552.000000,22.3035023333,114.1777441667,69.8000,235.622500,235.622500,603.193600,0,15,single,ublox_m8t_gej
1621219556.000000,22.3014136667,114.1792901667,20.4000,36.000000,36.000000,92.160000,0,15,single,ublox_m8t_gej
1621219557.000000,22.3013681667,114.1793296667,26.9000,26.522500,26.522500,67.897600,0,15,single,ublox_m8t_gej
1621219558.000000,22.3013346667,114.1793230000,30.5000,26.522500,26.522500,67.897600,0,15,single,ublox_m8t_gej
1621219559.000000,22.3013056667,114.1792841667,30.0000,26.522500,26.522500,67.897600,0,15,single,ublox_m8t_gej
1621219560.000000,22.3012853333,114.1792566667,28.4000,26.522500,26.522500,67.897600,0,15,single,ublox_m8t_gej
1621219561.000000,22.3012756667,114.1792500000,28.3000,26.522500,26.522500,67.897600,0,15,single,ublox_m8t_gej
1621219562.000000,22.3012788333,114.1792110000,27.1000,26.522500,26.522500,67.897600,0,15,single,ublox_m8t_gej
