stamp,x,y,z,qx,qy,qz,qw,yaw,vx,vy,vz,algorithm,run_id
1621218775.823314905,0.004941600442808118,0.0022173198068065614,0.0009159624372200928,0.0001535316385734668,3.2284481001489464e-05,-3.603874150421736e-05,0.9999999870434784,-7.206756890868902e-05,0.0,0.0,0.0,fast_lio2,0
1621218775.823314905,0.004941600442808118,0.0022173198068065614,0.0009159624372200928,0.0001535316385734668,3.2284481001489464e-05,-3.603874150421736e-05,0.9999999870434784,-7.206756890868902e-05,0.0,0.0,0.0,fast_lio2,0
1621218775.922913551,-0.0002608780866383425,0.007101521014364434,0.0008991985171612438,0.00013832792269865754,-7.744576795504241e-06,1.5029407189803956e-05,0.9999999902897617,3.005667151342205e-05,0.0,0.0,0.0,fast_lio2,0
1621218775.922913551,-0.0002608780866383425,0.007101521014364434,0.0008991985171612438,0.00013832792269865754,-7.744576795504241e-06,1.5029407189803956e-05,0.9999999902897617,3.005667151342205e-05,0.0,0.0,0.0,fast_lio2,0
1621218776.023300886,0.0008119129446210324,0.004903258614684662,0.0009878446463934703,0.0001318210889002839,6.2713268931834415e-06,2.2748107936968326e-05,0.9999999910331968,4.5497868871533446e-05,0.0,0.0,0.0,fast_lio2,0
1621218776.023300886,0.0008119129446210324,0.004903258614684662,0.0009878446463934703,0.0001318210889002839,6.2713268931834415e-06,2.2748107936968326e-05,0.9999999910331968,4.5497868871533446e-05,0.0,0.0,0.0,fast_lio2,0
1621218776.123600483,-0.0005832237676832123,0.004075974752443452,0.00021106592540420883,0.00013914752592359715,1.147762959663681e-05,-3.183673461567888e-06,0.9999999902480474,-6.364152695237898e-06,0.0,0.0,0.0,fast_lio2,0
1621218776.123600483,-0.0005832237676832123,0.004075974752443452,0.00021106592540420883,0.00013914752592359715,1.147762959663681e-05,-3.183673461567888e-06,0.9999999902480474,-6.364152695237898e-06,0.0,0.0,0.0,fast_lio2,0
1621218776.223506927,-0.0006979930562731883,0.004302728292959385,-0.00013234770471290364,0.000143406943198967,1.7590072147481717e-05,-2.9771323415629145e-06,0.9999999895580872,-5.9492195477140534e-06,0.0,0.0,0.0,fast_lio2,0
1621218776.223506927,-0.0006979930562731883,0.004302728292959385,-0.00013234770471290364,0.000143406943198967,1.7590072147481717e-05,-2.9771323415629145e-06,0.9999999895580872,-5.9492195477140534e-06,0.0,0.0,0.0,fast_lio2,0
1621218776.323287487,-0.00018375203861060638,0.004083938678532249,0.00012738740974394718,0.0001452814920429673,1.7613010125519705e-05,-4.0924548903767345e-05,0.9999999884541253,-8.184397931591883e-05,0.0,0.0,0.0,fast_lio2,0
1621218776.323287487,-0.00018375203861060638,0.004083938678532249,0.00012738740974394718,0.0001452814920429673,1.7613010125519705e-05,-4.0924548903767345e-05,0.9999999884541253,-8.184397931591883e-05,0.0,0.0,0.0,fast_lio2,0
1621218776.423521519,-0.0025302558027358556,0.004942734835255275,-0.0002657890113280909,0.00014403744444298734,1.474624083269738e-05,2.1662567973966413e-05,0.9999999892832476,4.3329383537711564e-05,0.0,0.0,0.0,fast_lio2,0
1621218776.423521519,-0.0025302558027358556,0.004942734835255275,-0.0002657890113280909,0.00014403744444298734,1.474624083269738e-05,2.1662567973966413e-05,0.9999999892832476,4.3329383537711564e-05,0.0,0.0,0.0,fast_lio2,0
1621218776.523806572,-0.0017053425812047468,0.004714236372211984,0.00027918256674309483,0.00014310092704961777,1.5867382151969848e-05,1.3209701477690752e-05,0.999999989547927,2.6423943969813087e-05,0.0,0.0,0.0,fast_lio2,0
1621218776.523806572,-0.0017053425812047468,0.004714236372211984,0.00027918256674309483,0.00014310092704961777,1.5867382151969848e-05,1.3209701477690752e-05,0.999999989547927,2.6423943969813087e-05,0.0,0.0,0.0,fast_lio2,0
1621218776.623888016,-0.003266774556381473,0.004364405273999684,-0.0004562702248001913,0.0001445752390031212,1.0328667724455828e-05,-4.6226148251682075e-06,0.9999999894849748,-9.242243016016682e-06,0.0,0.0,0.0,fast_lio2,0
1621218776.623888016,-0.003266774556381473,0.004364405273999684,-0.0004562702248001913,0.0001445752390031212,1.0328667724455828e-05,-4.6226148251682075e-06,0.9999999894849748,-9.242243016016682e-06,0.0,0.0,0.0,fast_lio2,0
1621218776.723740816,-0.004057858154232544,0.004356942058252599,-0.0005133169293600533,0.0001438777913941577,3.0190843355400252e-05,6.618407485230336e-06,0.999999989171945,1.3245502435388305e-05,0.0,0.0,0.0,fast_lio2,0
1621218776.723740816,-0.004057858154232544,0.004356942058252599,-0.0005133169293600533,0.0001438777913941577,3.0190843355400252e-05,6.618407485230336e-06,0.999999989171945,1.3245502435388305e-05,0.0,0.0,0.0,fast_lio2,0
1621218776.823903561,-0.004392364834978429,0.006829209954122425,-0.0003643399764430904,0.0001363179863419442,1.8815229158334122e-05,5.738331551728652e-05,0.9999999888852744,0.00011477175980044301,0.0,0.0,0.0,fast_lio2,0
1621218776.823903561,-0.004392364834978429,0.006829209954122425,-0.0003643399764430904,0.0001363179863419442,1.8815229158334122e-05,5.738331551728652e-05,0.9999999888852744,0.00011477175980044301,0.0,0.0,0.0,fast_lio2,0
1621218776.924124718,-0.0042226370514326156,0.005049608167681065,-0.0006241800415718224,0.0001436626810983311,2.1053440968275048e-05,2.5878377258459073e-05,0.9999999891240479,5.176280321055254e-05,0.0,0.0,0.0,fast_lio2,0
1621218776.924124718,-0.0042226370514326156,0.005049608167681065,-0.0006241800415718224,0.0001436626810983311,2.1053440968275048e-05,2.5878377258459073e-05,0.9999999891240479,5.176280321055254e-05,0.0,0.0,0.0,fast_lio2,0
1621218777.024002075,-0.004263435530202151,0.00576433522704591,-0.0014684006801444348,0.00014790391105300236,1.0310350097429902e-05,4.7636105988777694e-05,0.9999999878744651,9.527526086890635e-05,0.0,0.0,0.0,fast_lio2,0
1621218777.024002075,-0.004263435530202151,0.00576433522704591,-0.0014684006801444348,0.00014790391105300236,1.0310350097429902e-05,4.7636105988777694e-05,0.9999999878744651,9.527526086890635e-05,0.0,0.0,0.0,fast_lio2,0
1621218777.124210835,-0.0041471954397508,0.006908682571895314,-0.0012873690469877854,0.00014938549495295423,2.098847283590356e-05,2.017713892855708e-05,0.9999999884181704,4.036054818305002e-05,0.0,0.0,0.0,fast_lio2,0
1621218777.124210835,-0.0041471954397508,0.006908682571895314,-0.0012873690469877854,0.00014938549495295423,2.098847283590356e-05,2.017713892855708e-05,0.9999999884181704,4.036054818305002e-05,0.0,0.0,0.0,fast_lio2,0
1621218777.224199772,-0.004268989875527964,0.007514151798798595,-0.0012082158560963552,0.00015032234824882454,2.1384676218313506e-05,3.866886531302138e-05,0.9999999877253029,7.734415901405175e-05,0.0,0.0,0.0,fast_lio2,0
1621218777.224199772,-0.004268989875527964,0.007514151798798595,-0.0012082158560963552,0.00015032234824882454,2.1384676218313506e-05,3.866886531302138e-05,0.9999999877253029,7.734415901405175e-05,0.0,0.0,0.0,fast_lio2,0
1621218777.324525118,-0.005803626924898598,0.007932072660597278,-0.0009309386774820151,0.00014516550186472062,1.1031986904256669e-05,1.741076887130766e-05,0.9999999892510678,3.482474031166382e-05,0.0,0.0,0.0,fast_lio2,0
1621218777.324525118,-0.005803626924898598,0.007932072660597278,-0.0009309386774820151,0.00014516550186472062,1.1031986904256669e-05,1.741076887130766e-05,0.9999999892510678,3.482474031166382e-05,0.0,0.0,0.0,fast_lio2,0
1621218777.424404144,-0.006002634103088864,0.007334374680079367,-0.001568659522163293,0.00014381310449393996,2.2073962959828285e-05,3.794329059721984e-05,0.9999999886954174,7.58929295336335e-05,0.0,0.0,0.0,fast_lio2,0
1621218777.424404144,-0.006002634103088864,0.007334374680079367,-0.001568659522163293,0.00014381310449393996,2.2073962959828285e-05,3.794329059721984e-05,0.9999999886954174,7.58929295336335e-05,0.0,0.0,0.0,fast_lio2,0
1621218777.524596691,-0.006011046087899544,0.007601843671172552,-0.0013610994121115577,0.0001448111670588981,1.5589332913997415e-05,4.297131179142545e-05,0.9999999884700809,8.594713775848091e-05,0.0,0.0,0.0,fast_lio2,0
1621218777.524596691,-0.006011046087899544,0.007601843671172552,-0.0013610994121115577,0.0001448111670588981,1.5589332913997415e-05,4.297131179142545e-05,0.9999999884700809,8.594713775848091e-05,0.0,0.0,0.0,fast_lio2,0
1621218777.624645233,-0.006065420198252066,0.007012073641333424,-0.0014928776415740299,0.00014748952827128007,2.4557852136063852e-05,8.934772276264686e-05,0.9999999848303663,0.0001787026880330534,0.0,0.0,0.0,fast_lio2,0
1621218777.624645233,-0.006065420198252066,0.007012073641333424,-0.0014928776415740299,0.00014748952827128007,2.4557852136063852e-05,8.934772276264686e-05,0.9999999848303663,0.0001787026880330534,0.0,0.0,0.0,fast_lio2,0
1621218777.724898338,-0.006575594542770249,0.007338799309231758,-0.0015057786459146273,0.0001407737946924439,1.858186277403399e-05,9.493149526381973e-05,0.9999999854127307,0.00018986822070844587,0.0,0.0,0.0,fast_lio2,0
1621218777.724898338,-0.006575594542770249,0.007338799309231758,-0.0015057786459146273,0.0001407737946924439,1.858186277403399e-05,9.493149526381973e-05,0.9999999854127307,0.00018986822070844587,0.0,0.0,0.0,fast_lio2,0
1621218777.824476242,-0.006601176062067134,0.0073923244421488735,-0.0015322527333010872,0.00015078437952224753,2.1652840537160844e-05,5.087909453480455e-05,0.9999999871032701,0.00010176471784851493,0.0,0.0,0.0,fast_lio2,0
1621218777.824476242,-0.006601176062067134,0.0073923244421488735,-0.0015322527333010872,0.00015078437952224753,2.1652840537160844e-05,5.087909453480455e-05,0.9999999871032701,0.00010176471784851493,0.0,0.0,0.0,fast_lio2,0
1621218777.925159454,-0.006859264278032555,0.0066553184718169305,-0.0018156114235217775,0.00014241301193927824,1.7950979844638115e-05,3.998938072443474e-05,0.9999999888985718,7.998387360400155e-05,0.0,0.0,0.0,fast_lio2,0
1621218777.925159454,-0.006859264278032555,0.0066553184718169305,-0.0018156114235217775,0.00014241301193927824,1.7950979844638115e-05,3.998938072443474e-05,0.9999999888985718,7.998387360400155e-05,0.0,0.0,0.0,fast_lio2,0
1621218778.025170803,-0.006604819985269763,0.00635068849257979,-0.0017678807265070757,0.00015192993188134602,2.0093763587820177e-05,3.05549435800845e-05,0.9999999877899653,6.111599218965731e-05,0.0,0.0,0.0,fast_lio2,0
1621218778.025170803,-0.006604819985269763,0.00635068849257979,-0.0017678807265070757,0.00015192993188134602,2.0093763587820177e-05,3.05549435800845e-05,0.9999999877899653,6.111599218965731e-05,0.0,0.0,0.0,fast_lio2,0
1621218778.125282764,-0.006725854942716247,0.006494421757342392,-0.001569522830950137,0.00014615067429355757,2.286828141140522e-05,4.8521062275548994e-05,0.9999999878813635,9.704880805836008e-05,0.0,0.0,0.0,fast_lio2,0
1621218778.125282764,-0.006725854942716247,0.006494421757342392,-0.001569522830950137,0.00014615067429355757,2.286828141140522e-05,4.8521062275548994e-05,0.9999999878813635,9.704880805836008e-05,0.0,0.0,0.0,fast_lio2,0
1621218778.225417376,-0.007451960758914673,0.006411676948868198,-0.002138317318785546,0.0001525155127352132,7.844086400717611e-06,5.339632208923678e-05,0.9999999869131596,0.00010679503568673159,0.0,0.0,0.0,fast_lio2,0
1621218778.225417376,-0.007451960758914673,0.006411676948868198,-0.002138317318785546,0.0001525155127352132,7.844086400717611e-06,5.339632208923678e-05,0.9999999869131596,0.00010679503568673159,0.0,0.0,0.0,fast_lio2,0
1621218778.325406313,-0.007791717948465486,0.007319661714868179,-0.002103304487965932,0.0001487406307659289,1.7987447000322345e-05,3.3814111531505973e-05,0.9999999882046402,6.76335732890418e-05,0.0,0.0,0.0,fast_lio2,0
1621218778.325406313,-0.007791717948465486,0.007319661714868179,-0.002103304487965932,0.0001487406307659289,1.7987447000322345e-05,3.3814111531505973e-05,0.9999999882046402,6.76335732890418e-05,0.0,0.0,0.0,fast_lio2,0
1621218778.425616264,-0.007977925739274763,0.007824914048490915,-0.0025135206198304847,0.00015011356948345167,2.433923001953059e-05,4.5122812506915094e-05,0.999999987418724,9.025293140521756e-05,0.0,0.0,0.0,fast_lio2,0
1621218778.425616264,-0.007977925739274763,0.007824914048490915,-0.0025135206198304847,0.00015011356948345167,2.433923001953059e-05,4.5122812506915094e-05,0.999999987418724,9.025293140521756e-05,0.0,0.0,0.0,fast_lio2,0
1621218778.525550365,-0.007769208299376911,0.0077535632189381165,-0.0020230867111653656,0.00014564490228162648,2.0549263001642253e-05,4.025769791002311e-05,0.9999999883723026,8.052138082961896e-05,0.0,0.0,0.0,fast_lio2,0
1621218778.525550365,-0.007769208299376911,0.0077535632189381165,-0.0020230867111653656,0.00014564490228162648,2.0549263001642253e-05,4.025769791002311e-05,0.9999999883723026,8.052138082961896e-05,0.0,0.0,0.0,fast_lio2,0
1621218778.625331402,-0.007637019553542821,0.007034605447754032,-0.0020075354490988314,0.0001377676597492154,1.3148696002203928e-05,6.851986583619387e-05,0.9999999880761042,0.00013704335344477838,0.0,0.0,0.0,fast_lio2,0
1621218778.625331402,-0.007637019553542821,0.007034605447754032,-0.0020075354490988314,0.0001377676597492154,1.3148696002203928e-05,6.851986583619387e-05,0.9999999880761042,0.00013704335344477838,0.0,0.0,0.0,fast_lio2,0
1621218778.725930214,-0.007244382360068447,0.006999932617362778,-0.0016491659402187626,0.00014604139765246545,-6.393952537113876e-08,6.426779942291544e-05,0.9999999872707757,0.00012853557888796967,0.0,0.0,0.0,fast_lio2,0
1621218778.725930214,-0.007244382360068447,0.006999932617362778,-0.0016491659402187626,0.00014604139765246545,-6.393952537113876e-08,6.426779942291544e-05,0.9999999872707757,0.00012853557888796967,0.0,0.0,0.0,fast_lio2,0
1621218778.825627804,-0.006905518352955833,0.006304618831547825,-0.0018442901024438734,0.0001430675475755466,1.635796460042983e-05,-3.256201524821299e-06,0.9999999896267432,-6.5077223978591915e-06,0.0,0.0,0.0,fast_lio2,0
1621218778.825627804,-0.006905518352955833,0.006304618831547825,-0.0018442901024438734,0.0001430675475755466,1.635796460042983e-05,-3.256201524821299e-06,0.9999999896267432,-6.5077223978591915e-06,0.0,0.0,0.0,fast_lio2,0
1621218778.925701141,-0.007975049139956388,0.006671591577118572,-0.0018550860787926065,0.00014711325031891833,1.3185298097015261e-05,9.673962661981595e-05,0.9999999844126389,0.0001934831309622464,0.0,0.0,0.0,fast_lio2,0
1621218778.925701141,-0.007975049139956388,0.006671591577118572,-0.0018550860787926065,0.00014711325031891833,1.3185298097015261e-05,9.673962661981595e-05,0.9999999844126389,0.0001934831309622464,0.0,0.0,0.0,fast_lio2,0
1621218779.025749445,-0.00769555543523956,0.006405979121844936,-0.0013905227301126667,0.00014812385473947186,8.987325500502607e-06,4.3311176349921956e-05,0.9999999880513438,8.662501426172832e-05,0.0,0.0,0.0,fast_lio2,0
1621218779.025749445,-0.00769555543523956,0.006405979121844936,-0.0013905227301126667,0.00014812385473947186,8.987325500502607e-06,4.3311176349921956e-05,0.9999999880513438,8.662501426172832e-05,0.0,0.0,0.0,fast_lio2,0
1621218779.125974894,-0.008267634565226743,0.007184692691598804,-0.0008224158796093806,0.00014325468677495545,7.90189883460076e-06,6.273194062422531e-05,0.999999987740176,0.00012546614402317923,0.0,0.0,0.0,fast_lio2,0
1621218779.125974894,-0.008267634565226743,0.007184692691598804,-0.0008224158796093806,0.00014325468677495545,7.90189883460076e-06,6.273194062422531e-05,0.999999987740176,0.00012546614402317923,0.0,0.0,0.0,fast_lio2,0
1621218779.225897789,-0.008871377530816092,0.0068827945094160035,-0.0008961727475043737,0.00014183037986440435,1.684718196301244e-05,4.53879277220834e-05,0.9999999887701222,9.078063348538173e-05,0.0,0.0,0.0,fast_lio2,0
1621218779.225897789,-0.008871377530816092,0.0068827945094160035,-0.0008961727475043737,0.00014183037986440435,1.684718196301244e-05,4.53879277220834e-05,0.9999999887701222,9.078063348538173e-05,0.0,0.0,0.0,fast_lio2,0
1621218779.326064587,-0.008727364600595242,0.00785957076261282,-0.000690592979756273,0.0001454922629842079,4.514868659079322e-06,5.3157019257991326e-05,0.9999999879929715,0.00010631535120098255,0.0,0.0,0.0,fast_lio2,0
1621218779.326064587,-0.008727364600595242,0.00785957076261282,-0.000690592979756273,0.0001454922629842079,4.514868659079322e-06,5.3157019257991326e-05,0.9999999879929715,0.00010631535120098255,0.0,0.0,0.0,fast_lio2,0
1621218779.426204681,-0.00805959094644674,0.0073181538365022026,-0.0008649251436614726,0.00014746905300878384,8.030159114778029e-07,3.2221317273501595e-05,0.9999999886070067,6.44428706974868e-05,0.0,0.0,0.0,fast_lio2,0
1621218779.426204681,-0.00805959094644674,0.0073181538365022026,-0.0008649251436614726,0.00014746905300878384,8.030159114778029e-07,3.2221317273501595e-05,0.9999999886070067,6.44428706974868e-05,0.0,0.0,0.0,fast_lio2,0
1621218779.526439428,-0.008048188026731101,0.007096084021300504,-0.001014007690287003,0.00014147527076732982,2.1458554524155537e-05,2.3131031137408125e-05,0.999999989494613,4.626813355754369e-05,0.0,0.0,0.0,fast_lio2,0
1621218779.526439428,-0.008048188026731101,0.007096084021300504,-0.001014007690287003,0.00014147527076732982,2.1458554524155537e-05,2.3131031137408125e-05,0.999999989494613,4.626813355754369e-05,0.0,0.0,0.0,fast_lio2,0
1621218779.626415730,-0.008390902904639484,0.007379090672831534,-0.0010254843213280203,0.00014272075763906972,-5.323295944600614e-06,7.638410987517468e-05,0.9999999868839545,0.00015276669885987026,0.0,0.0,0.0,fast_lio2,0
1621218779.626415730,-0.008390902904639484,0.007379090672831534,-0.0010254843213280203,0.00014272075763906972,-5.323295944600614e-06,7.638410987517468e-05,0.9999999868839545,0.00015276669885987026,0.0,0.0,0.0,fast_lio2,0
1621218779.726681709,-0.00805530778917213,0.0076770947540759586,-0.0013412645970287873,0.0001481137794823144,1.7513474295501426e-05,5.6675130735861354e-05,0.9999999872717547,0.00011335544831494218,0.0,0.0,0.0,fast_lio2,0
1621218779.726681709,-0.00805530778917213,0.0076770947540759586,-0.0013412645970287873,0.0001481137794823144,1.7513474295501426e-05,5.6675130735861354e-05,0.9999999872717547,0.00011335544831494218,0.0,0.0,0.0,fast_lio2,0
1621218779.826656580,-0.008348091965223675,0.007670868985212815,-0.0016429317061260474,0.00014775157178641469,1.8881137376119592e-05,4.8112749393440575e-05,0.9999999877490665,9.62310772605618e-05,0.0,0.0,0.0,fast_lio2,0
1621218779.826656580,-0.008348091965223675,0.007670868985212815,-0.0016429317061260474,0.00014775157178641469,1.8881137376119592e-05,4.8112749393440575e-05,0.9999999877490665,9.62310772605618e-05,0.0,0.0,0.0,fast_lio2,0
1621218779.926844120,-0.007934699016569123,0.007106553727098113,-0.0015211500535116137,0.00014439454070503486,1.795451158014193e-05,0.00011005342263414801,0.999999983358045,0.00022011202859123486,0.0,0.0,0.0,fast_lio2,0
1621218779.926844120,-0.007934699016569123,0.007106553727098113,-0.0015211500535116137,0.00014439454070503486,1.795451158014193e-05,0.00011005342263414801,0.999999983358045,0.00022011202859123486,0.0,0.0,0.0,fast_lio2,0
1621218780.026922226,-0.008295024843776705,0.007164007350319469,-0.0017313321338885761,0.00014962069464467015,1.547903620220839e-05,6.256062441467418e-05,0.9999999867301043,0.00012512587952369367,0.0,0.0,0.0,fast_lio2,0
1621218780.026922226,-0.008295024843776705,0.007164007350319469,-0.0017313321338885761,0.00014962069464467015,1.547903620220839e-05,6.256062441467418e-05,0.9999999867301043,0.00012512587952369367,0.0,0.0,0.0,fast_lio2,0
1621218780.126978874,-0.008655249630967221,0.006971946928174607,-0.00168340133405105,0.0001426037523329661,2.4470700674694115e-05,5.4173704753789355e-05,0.9999999880652787,0.00010835438778367159,0.0,0.0,0.0,fast_lio2,0
1621218780.126978874,-0.008655249630967221,0.006971946928174607,-0.00168340133405105,0.0001426037523329661,2.4470700674694115e-05,5.4173704753789355e-05,0.9999999880652787,0.00010835438778367159,0.0,0.0,0.0,fast_lio2,0
1621218780.226978302,-0.009772899647321705,0.0068908761417777725,-0.0016356392206568753,0.00015184447922539002,8.900393964910695e-06,6.094809221325674e-05,0.9999999865746797,0.00012189888606255342,0.0,0.0,0.0,fast_lio2,0
1621218780.226978302,-0.009772899647321705,0.0068908761417777725,-0.0016356392206568753,0.00015184447922539002,8.900393964910695e-06,6.094809221325674e-05,0.9999999865746797,0.00012189888606255342,0.0,0.0,0.0,fast_lio2,0
1621218780.327520847,-0.009265364990873702,0.006186324456831236,-0.0016504683760254122,0.00014708130914169051,2.204189027146173e-05,6.273665437864595e-05,0.9999999869726741,0.00012547979147397337,0.0,0.0,0.0,fast_lio2,0
1621218780.327520847,-0.009265364990873702,0.006186324456831236,-0.0016504683760254122,0.00014708130914169051,2.204189027146173e-05,6.273665437864595e-05,0.9999999869726741,0.00012547979147397337,0.0,0.0,0.0,fast_lio2,0
1621218780.426810265,-0.009622398435301322,0.006098203830955065,-0.001719575094279398,0.00014275208761370102,1.0614730076336748e-05,4.561865185489225e-05,0.9999999887140503,9.124033337696881e-05,0.0,0.0,0.0,fast_lio2,0
1621218780.426810265,-0.009622398435301322,0.006098203830955065,-0.001719575094279398,0.00014275208761370102,1.0614730076336748e-05,4.561865185489225e-05,0.9999999887140503,9.124033337696881e-05,0.0,0.0,0.0,fast_lio2,0
1621218780.527314901,-0.010134481295403418,0.006623028757847495,-0.0012843846504191996,0.00014076154124087267,8.529107267920508e-06,6.16736172493671e-05,0.9999999881549005,0.00012334963450894945,0.0,0.0,0.0,fast_lio2,0
1621218780.527314901,-0.010134481295403418,0.006623028757847495,-0.0012843846504191996,0.00014076154124087267,8.529107267920508e-06,6.16736172493671e-05,0.9999999881549005,0.00012334963450894945,0.0,0.0,0.0,fast_lio2,0
1621218780.627317429,-0.010289294572414596,0.006981864567051182,-0.0015007658430656067,0.0001463345666747199,4.335499837923035e-06,6.845661456706446e-05,0.9999999869405413,0.00013691449664597667,0.0,0.0,0.0,fast_lio2,0
1621218780.627317429,-0.010289294572414596,0.006981864567051182,-0.0015007658430656067,0.0001463345666747199,4.335499837923035e-06,6.845661456706446e-05,0.9999999869405413,0.00013691449664597667,0.0,0.0,0.0,fast_lio2,0
1621218780.727120399,-0.01030067722956233,0.007244789704489643,-0.0012520197642733703,0.000145068260193452,1.2547122735693237e-05,8.575173880456275e-05,0.9999999857222007,0.00017150711643366324,0.0,0.0,0.0,fast_lio2,0
1621218780.727120399,-0.01030067722956233,0.007244789704489643,-0.0012520197642733703,0.000145068260193452,1.2547122735693237e-05,8.575173880456275e-05,0.9999999857222007,0.00017150711643366324,0.0,0.0,0.0,fast_lio2,0
1621218780.827607155,-0.009670100616510373,0.006867020892106278,-0.0014788698575390422,0.00014913909503262455,9.690406965962788e-06,9.819042960551492e-06,0.9999999887836029,1.9640976142835642e-05,0.0,0.0,0.0,fast_lio2,0
1621218780.827607155,-0.009670100616510373,0.006867020892106278,-0.0014788698575390422,0.00014913909503262455,9.690406965962788e-06,9.819042960551492e-06,0.9999999887836029,1.9640976142835642e-05,0.0,0.0,0.0,fast_lio2,0
1621218780.927433968,-0.009669381780252841,0.006532700186354861,-0.0017245809676139675,0.00015477567993390105,6.6091952663685785e-06,8.186798985290283e-05,0.9999999846492162,0.0001637380238236021,0.0,0.0,0.0,fast_lio2,0
1621218780.927433968,-0.009669381780252841,0.006532700186354861,-0.0017245809676139675,0.00015477567993390105,6.6091952663685785e-06,8.186798985290283e-05,0.9999999846492162,0.0001637380238236021,0.0,0.0,0.0,fast_lio2,0
1621218781.027378559,-0.009523405679859077,0.007087003892363526,-0.0017737292310963106,0.0001417828941326966,2.2896475357118853e-06,1.4974706626948367e-05,0.99999998983406,2.995006221993212e-05,0.0,0.0,0.0,fast_lio2,0
1621218781.027378559,-0.009523405679859077,0.007087003892363526,-0.0017737292310963106,0.0001417828941326966,2.2896475357118853e-06,1.4974706626948367e-05,0.99999998983406,2.995006221993212e-05,0.0,0.0,0.0,fast_lio2,0
1621218781.127542973,-0.01005084017170611,0.006728916457723931,-0.0018237523780407466,0.00014676287720161271,1.4040469124134797e-05,5.5769813487150825e-05,0.9999999875766223,0.0001115437471031263,0.0,0.0,0.0,fast_lio2,0
1621218781.127542973,-0.01005084017170611,0.006728916457723931,-0.0018237523780407466,0.00014676287720161271,1.4040469124134797e-05,5.5769813487150825e-05,0.9999999875766223,0.0001115437471031263,0.0,0.0,0.0,fast_lio2,0
1621218781.227788210,-0.009403537629440031,0.006126662420661782,-0.0020843281491841744,0.00013961768123281612,9.944898481597836e-06,6.681703888103874e-05,0.999999987971739,0.00013363685354617397,0.0,0.0,0.0,fast_lio2,0
1621218781.227788210,-0.009403537629440031,0.006126662420661782,-0.0020843281491841744,0.00013961768123281612,9.944898481597836e-06,6.681703888103874e-05,0.999999987971739,0.00013363685354617397,0.0,0.0,0.0,fast_lio2,0
1621218781.327935934,-0.009692825043125717,0.005859768063544841,-0.0018583055925256375,0.00014386974713535578,1.7819907372634203e-05,5.3239650437662955e-05,0.9999999880747397,0.00010648442736547446,0.0,0.0,0.0,fast_lio2,0
1621218781.327935934,-0.009692825043125717,0.005859768063544841,-0.0018583055925256375,0.00014386974713535578,1.7819907372634203e-05,5.3239650437662955e-05,0.9999999880747397,0.00010648442736547446,0.0,0.0,0.0,fast_lio2,0
1621218781.427959919,-0.009980029101444967,0.0070309518706319065,-0.0018156840704493145,0.00014873713281111301,-1.4264772324409467e-06,6.134219727524498e-05,0.9999999870561789,0.00012268396893048368,0.0,0.0,0.0,fast_lio2,0
1621218781.427959919,-0.009980029101444967,0.0070309518706319065,-0.0018156840704493145,0.00014873713281111301,-1.4264772324409467e-06,6.134219727524498e-05,0.9999999870561789,0.00012268396893048368,0.0,0.0,0.0,fast_lio2,0
1621218781.527996063,-0.010652257480557306,0.006492239570785829,-0.001369398369670997,0.00015051141898851886,-7.4297896936376585e-06,6.355459751818786e-05,0.9999999866259577,0.00012710695715636248,0.0,0.0,0.0,fast_lio2,0
1621218781.527996063,-0.010652257480557306,0.006492239570785829,-0.001369398369670997,0.00015051141898851886,-7.4297896936376585e-06,6.355459751818786e-05,0.9999999866259577,0.00012710695715636248,0.0,0.0,0.0,fast_lio2,0
1621218781.628152132,-0.010407583629928576,0.005362297118139031,-0.0015247181958024036,0.0001444948826255891,4.410992683580544e-06,6.54379185820981e-05,0.9999999874098208,0.00013087711062688556,0.0,0.0,0.0,fast_lio2,0
1621218781.628152132,-0.010407583629928576,0.005362297118139031,-0.0015247181958024036,0.0001444948826255891,4.410992683580544e-06,6.54379185820981e-05,0.9999999874098208,0.00013087711062688556,0.0,0.0,0.0,fast_lio2,0
1621218781.728275776,-0.010646005706186788,0.005757569549622748,-0.0010739100181076633,0.00014414862549141374,-1.7302575676828978e-06,5.1905448501042076e-05,0.999999988261997,0.00010381039714213206,0.0,0.0,0.0,fast_lio2,0
1621218781.728275776,-0.010646005706186788,0.005757569549622748,-0.0010739100181076633,0.00014414862549141374,-1.7302575676828978e-06,5.1905448501042076e-05,0.999999988261997,0.00010381039714213206,0.0,0.0,0.0,fast_lio2,0
1621218781.828340054,-0.00999523735714289,0.0044337330758738224,-0.0011365446453149547,0.00015044537894911525,-3.5436503102352897e-06,1.9284730401764895e-05,0.9999999884908594,3.8568394118532976e-05,0.0,0.0,0.0,fast_lio2,0
1621218781.828340054,-0.00999523735714289,0.0044337330758738224,-0.0011365446453149547,0.00015044537894911525,-3.5436503102352897e-06,1.9284730401764895e-05,0.9999999884908594,3.8568394118532976e-05,0.0,0.0,0.0,fast_lio2,0
1621218781.930488586,-0.009717337634172948,0.004824952331737697,-0.0013582556430945596,0.00018985269665618934,-1.990911954595044e-05,4.3808070161771566e-05,0.9999999808202108,8.760857922459554e-05,0.0,0.0,0.0,fast_lio2,0
1621218781.930488586,-0.009717337634172948,0.004824952331737697,-0.0013582556430945596,0.00018985269665618934,-1.990911954595044e-05,4.3808070161771566e-05,0.9999999808202108,8.760857922459554e-05,0.0,0.0,0.0,fast_lio2,0
1621218782.028976917,-0.010100181943208402,0.008305487246864127,-0.0019562595592558032,0.0002014080013552811,7.42573966290434e-06,-6.617487445887179e-05,0.9999999775002738,-0.00013234675513414723,0.0,0.0,0.0,fast_lio2,0
1621218782.028976917,-0.010100181943208402,0.008305487246864127,-0.0019562595592558032,0.0002014080013552811,7.42573966290434e-06,-6.617487445887179e-05,0.9999999775002738,-0.00013234675513414723,0.0,0.0,0.0,fast_lio2,0
1621218782.128566742,-0.010236006585579034,0.01654122810497573,-0.002094754201218597,0.0002097606907318982,2.006706000464228e-06,6.986953319431202e-07,0.9999999779979618,1.3982324892260191e-06,0.0,0.0,0.0,fast_lio2,0
1621218782.128566742,-0.010236006585579034,0.01654122810497573,-0.002094754201218597,0.0002097606907318982,2.006706000464228e-06,6.986953319431202e-07,0.9999999779979618,1.3982324892260191e-06,0.0,0.0,0.0,fast_lio2,0
1621218782.228693008,-0.009862356345146275,0.031068852773013026,-0.0016780911596086297,0.00022148034167412614,2.7339625387601797e-06,-2.2517742814722412e-05,0.9999999752159602,-4.5034273491267044e-05,0.0,0.0,0.0,fast_lio2,0
1621218782.228693008,-0.009862356345146275,0.031068852773013026,-0.0016780911596086297,0.00022148034167412614,2.7339625387601797e-06,-2.2517742814722412e-05,0.9999999752159602,-4.5034273491267044e-05,0.0,0.0,0.0,fast_lio2,0
1621218782.328760624,-0.008962112254147381,0.050045459844453064,-0.0015906338748789257,0.00024116368382186035,-6.953133943230508e-06,1.403903237368161e-05,0.9999999707973107,2.8074710247021785e-05,0.0,0.0,0.0,fast_lio2,0
1621218782.328760624,-0.008962112254147381,0.050045459844453064,-0.0015906338748789257,0.00024116368382186035,-6.953133943230508e-06,1.403903237368161e-05,0.9999999707973107,2.8074710247021785e-05,0.0,0.0,0.0,fast_lio2,0
1621218782.428960800,-0.008460580034226884,0.07097346141353504,-0.001406018812170345,0.00027202749314437515,-2.794320782063413e-05,-0.0001034266475582503,0.999999957261566,-0.00020686849071534225,0.0,0.0,0.0,fast_lio2,0
1621218782.428960800,-0.008460580034226884,0.07097346141353504,-0.001406018812170345,0.00027202749314437515,-2.794320782063413e-05,-0.0001034266475582503,0.999999957261566,-0.00020686849071534225,0.0,0.0,0.0,fast_lio2,0
1621218782.529032707,-0.008941912176117551,0.09584306422974612,-0.0015734661226952302,0.00032353854758093383,-2.735998917356121e-05,-2.996726997895701e-05,0.9999999468380919,-5.995224091960487e-05,0.0,0.0,0.0,fast_lio2,0
1621218782.529032707,-0.008941912176117551,0.09584306422974612,-0.0015734661226952302,0.00032353854758093383,-2.735998917356121e-05,-2.996726997895701e-05,0.9999999468380919,-5.995224091960487e-05,0.0,0.0,0.0,fast_lio2,0
1621218782.629340649,-0.009096242305472648,0.12645972287467067,-0.0010263820303049568,0.000327631883652049,-2.8828181302172384e-05,-1.0401303690737206e-05,0.9999999458590391,-2.082149635399013e-05,0.0,0.0,0.0,fast_lio2,0
1621218782.629340649,-0.009096242305472648,0.12645972287467067,-0.0010263820303049568,0.000327631883652049,-2.8828181302172384e-05,-1.0401303690737206e-05,0.9999999458590391,-2.082149635399013e-05,0.0,0.0,0.0,fast_lio2,0
1621218782.729202271,-0.008346449258964045,0.16023286700912837,-0.0004193321204273565,0.0003895128096953497,-4.089993748899367e-05,-7.415566792881371e-06,0.9999999232759766,-1.4862994597259884e-05,0.0,0.0,0.0,fast_lio2,0
1621218782.729202271,-0.008346449258964045,0.16023286700912837,-0.0004193321204273565,0.0003895128096953497,-4.089993748899367e-05,-7.415566792881371e-06,0.9999999232759766,-1.4862994597259884e-05,0.0,0.0,0.0,fast_lio2,0
1621218782.828890562,-0.006982627801900455,0.1969820979219215,-0.0010100309965877575,0.0004266800842463474,-4.375413566046678e-05,-2.3138868452382014e-05,0.9999999077471241,-4.631507086590082e-05,0.0,0.0,0.0,fast_lio2,0
1621218782.828890562,-0.006982627801900455,0.1969820979219215,-0.0010100309965877575,0.0004266800842463474,-4.375413566046678e-05,-2.3138868452382014e-05,0.9999999077471241,-4.631507086590082e-05,0.0,0.0,0.0,fast_lio2,0
1621218782.929123640,-0.004408718833848349,0.23963835082210047,-0.0009997551749576844,0.0004752705691482674,-5.479157940412594e-05,-6.073300718826167e-05,0.999999883713619,-0.00012151808292985936,0.0,0.0,0.0,fast_lio2,0
1621218782.929123640,-0.004408718833848349,0.23963835082210047,-0.0009997551749576844,0.0004752705691482674,-5.479157940412594e-05,-6.073300718826167e-05,0.999999883713619,-0.00012151808292985936,0.0,0.0,0.0,fast_lio2,0
1621218783.029113293,-0.003198875223018785,0.2865372484807547,-0.0011979225430217531,0.0005283353059408112,-7.046405574408706e-05,-2.4860205065879166e-05,0.9999998576392763,-4.9794860865298234e-05,0.0,0.0,0.0,fast_lio2,0
1621218783.029113293,-0.003198875223018785,0.2865372484807547,-0.0011979225430217531,0.0005283353059408112,-7.046405574408706e-05,-2.4860205065879166e-05,0.9999998576392763,-4.9794860865298234e-05,0.0,0.0,0.0,fast_lio2,0
1621218783.129454613,-0.002491636108632935,0.3367082288554655,-0.0017630354208864561,0.0006288116123179489,-6.260022050109373e-05,-0.00017258671526263953,0.9999997854454642,-0.00034525209351343863,0.0,0.0,0.0,fast_lio2,0
1621218783.129454613,-0.002491636108632935,0.3367082288554655,-0.0017630354208864561,0.0006288116123179489,-6.260022050109373e-05,-0.00017258671526263953,0.9999997854454642,-0.00034525209351343863,0.0,0.0,0.0,fast_lio2,0
1621218783.229320526,0.0008438369604710235,0.39612001325581,-0.002713812363493485,0.0007275610717213659,-6.597334873089826e-05,-0.00015838479836772433,0.9999997206082802,-0.00031686551556435065,0.0,0.0,0.0,fast_lio2,0
1621218783.229320526,0.0008438369604710235,0.39612001325581,-0.002713812363493485,0.0007275610717213659,-6.597334873089826e-05,-0.00015838479836772433,0.9999997206082802,-0.00031686551556435065,0.0,0.0,0.0,fast_lio2,0
1621218783.329459190,0.004490839157485423,0.46478794631719517,-0.0032725578317241693,0.0008126060811629644,-7.689320965707653e-05,-0.0002221556529137002,0.9999996422027533,-0.000444436134495532,0.0,0.0,0.0,fast_lio2,0
1621218783.329459190,0.004490839157485423,0.46478794631719517,-0.0032725578317241693,0.0008126060811629644,-7.689320965707653e-05,-0.0002221556529137002,0.9999996422027533,-0.000444436134495532,0.0,0.0,0.0,fast_lio2,0
1621218783.429646969,0.006685399889686344,0.5468143918962314,-0.004043754946024222,0.0008965749015112643,-5.9224088259905705e-05,-0.0004228434391932909,0.9999995069245561,-0.0008457927657606561,0.0,0.0,0.0,fast_lio2,0
1621218783.429646969,0.006685399889686344,0.5468143918962314,-0.004043754946024222,0.0008965749015112643,-5.9224088259905705e-05,-0.0004228434391932909,0.9999995069245561,-0.0008457927657606561,0.0,0.0,0.0,fast_lio2,0
1621218783.529678822,0.012339331711620771,0.6425596616551716,-0.006356501078197929,0.0010307556005184205,5.227586078299303e-08,-0.0003195351208962498,0.9999994177199168,-0.0006390698054079784,0.0,0.0,0.0,fast_lio2,0
1621218783.529678822,0.012339331711620771,0.6425596616551716,-0.006356501078197929,0.0010307556005184205,5.227586078299303e-08,-0.0003195351208962498,0.9999994177199168,-0.0006390698054079784,0.0,0.0,0.0,fast_lio2,0
1621218783.629789114,0.017768312521666142,0.7514758706085394,-0.009250177081432963,0.0011644749943057274,-2.9811825586263548e-05,-0.00027862309396194796,0.9999992827389387,-0.0005573152483033179,0.0,0.0,0.0,fast_lio2,0
1621218783.629789114,0.017768312521666142,0.7514758706085394,-0.009250177081432963,0.0011644749943057274,-2.9811825586263548e-05,-0.00027862309396194796,0.9999992827389387,-0.0005573152483033179,0.0,0.0,0.0,fast_lio2,0
1621218783.729923964,0.023953828685246197,0.8736955733474132,-0.012263064298762704,0.001354238063940537,1.2982588994074481e-05,-0.0005589172925355675,0.9999989267405021,-0.0011177984555107575,0.0,0.0,0.0,fast_lio2,0
1621218783.729923964,0.023953828685246197,0.8736955733474132,-0.012263064298762704,0.001354238063940537,1.2982588994074481e-05,-0.0005589172925355675,0.9999989267405021,-0.0011177984555107575,0.0,0.0,0.0,fast_lio2,0
1621218783.830047131,0.02978601852388045,1.0079108607559133,-0.013425623637104122,0.001414862061494059,1.8757984630972662e-06,-0.0007174368562634469,0.9999987417222895,-0.0014348670914502027,0.0,0.0,0.0,fast_lio2,0
1621218783.830047131,0.02978601852388045,1.0079108607559133,-0.013425623637104122,0.001414862061494059,1.8757984630972662e-06,-0.0007174368562634469,0.9999987417222895,-0.0014348670914502027,0.0,0.0,0.0,fast_lio2,0
1621218783.930161476,0.03702240066246514,1.1580322126596063,-0.014574948775901776,0.001516803887643647,8.980372887726661e-06,-0.00044619802930571413,0.9999987500655256,-0.0008923678188473587,0.0,0.0,0.0,fast_lio2,0
1621218783.930161476,0.03702240066246514,1.1580322126596063,-0.014574948775901776,0.001516803887643647,8.980372887726661e-06,-0.00044619802930571413,0.9999987500655256,-0.0008923678188473587,0.0,0.0,0.0,fast_lio2,0
1621218784.030142784,0.045693593400872264,1.3172654863057602,-0.01813191218591008,0.0017865517594057116,7.596021928407419e-05,-0.0005832093239178081,0.9999982311632938,-0.0011661454490394748,0.0,0.0,0.0,fast_lio2,0
1621218784.030142784,0.045693593400872264,1.3172654863057602,-0.01813191218591008,0.0017865517594057116,7.596021928407419e-05,-0.0005832093239178081,0.9999982311632938,-0.0011661454490394748,0.0,0.0,0.0,fast_lio2,0
1621218784.130294085,0.054106023005165,1.4859306321801604,-0.024952878395709914,0.00207017369513815,0.000254096933517277,-0.0008541264236392671,0.9999974601385985,-0.0017071975117840562,0.0,0.0,0.0,fast_lio2,0
1621218784.130294085,0.054106023005165,1.4859306321801604,-0.024952878395709914,0.00207017369513815,0.000254096933517277,-0.0008541264236392671,0.9999974601385985,-0.0017071975117840562,0.0,0.0,0.0,fast_lio2,0
1621218784.230451107,0.06381595767443636,1.6641518659965386,-0.030750829203856307,0.0024183082919591843,0.0002954321892270732,-0.0008164120563781521,0.9999966989826307,-0.0016313908427831579,0.0,0.0,0.0,fast_lio2,0
1621218784.230451107,0.06381595767443636,1.6641518659965386,-0.030750829203856307,0.0024183082919591843,0.0002954321892270732,-0.0008164120563781521,0.9999966989826307,-0.0016313908427831579,0.0,0.0,0.0,fast_lio2,0
1621218784.330028296,0.07007281846041176,1.8508385430311178,-0.033091125367592095,0.0025583132225373297,0.0001844268533983587,-0.001008225213159962,0.9999962022438321,-0.0020155006305611054,0.0,0.0,0.0,fast_lio2,0
1621218784.330028296,0.07007281846041176,1.8508385430311178,-0.033091125367592095,0.0025583132225373297,0.0001844268533983587,-0.001008225213159962,0.9999962022438321,-0.0020155006305611054,0.0,0.0,0.0,fast_lio2,0
1621218784.430247784,0.07308942130441823,2.051975671565998,-0.034740222563768436,0.002880733740569985,0.0001327307972496747,-0.001019585129098973,0.9999953220899541,-0.0020383974816185215,0.0,0.0,0.0,fast_lio2,0
1621218784.430247784,0.07308942130441823,2.051975671565998,-0.034740222563768436,0.002880733740569985,0.0001327307972496747,-0.001019585129098973,0.9999953220899541,-0.0020383974816185215,0.0,0.0,0.0,fast_lio2,0
1621218784.530840874,0.07484837939047496,2.2584921909151103,-0.03557363300642349,0.0031771889470358803,0.00011086770281860727,-0.0011276164493740901,0.9999943108137496,-0.002254517541985866,0.0,0.0,0.0,fast_lio2,0
1621218784.530840874,0.07484837939047496,2.2584921909151103,-0.03557363300642349,0.0031771889470358803,0.00011086770281860727,-0.0011276164493740901,0.9999943108137496,-0.002254517541985866,0.0,0.0,0.0,fast_lio2,0
1621218784.630702972,0.08292688720882359,2.4751526300251383,-0.03955218879484217,0.003570348693304011,0.0001528657233835515,-0.0013327326516378443,0.9999927265065148,-0.0026643576328413375,0.0,0.0,0.0,fast_lio2,0
1621218784.630702972,0.08292688720882359,2.4751526300251383,-0.03955218879484217,0.003570348693304011,0.0001528657233835515,-0.0013327326516378443,0.9999927265065148,-0.0026643576328413375,0.0,0.0,0.0,fast_lio2,0
1621218784.731035471,0.09469619097351369,2.7087446217056357,-0.039822701707258386,0.0036475727603589264,0.00014510910821073048,-0.0016283724799860276,0.9999920112477634,-0.003255666250469064,0.0,0.0,0.0,fast_lio2,0
1621218784.731035471,0.09469619097351369,2.7087446217056357,-0.039822701707258386,0.0036475727603589264,0.00014510910821073048,-0.0016283724799860276,0.9999920112477634,-0.003255666250469064,0.0,0.0,0.0,fast_lio2,0
1621218784.831062794,0.10011502732662246,2.9536761258595483,-0.038095404520837005,0.003969100503518582,-1.893309242135665e-05,-0.0017260381402329167,0.9999906332936549,-0.003452201098623303,0.0,0.0,0.0,fast_lio2,0
1621218784.831062794,0.10011502732662246,2.9536761258595483,-0.038095404520837005,0.003969100503518582,-1.893309242135665e-05,-0.0017260381402329167,0.9999906332936549,-0.003452201098623303,0.0,0.0,0.0,fast_lio2,0
1621218784.930837631,0.11041094385596972,3.215559887852277,-0.040209319488075566,0.0042550981893713195,7.151806635595613e-05,-0.0019844547902368266,0.9999889754210932,-0.003968267657680376,0.0,0.0,0.0,fast_lio2,0
1621218784.930837631,0.11041094385596972,3.215559887852277,-0.040209319488075566,0.0042550981893713195,7.151806635595613e-05,-0.0019844547902368266,0.9999889754210932,-0.003968267657680376,0.0,0.0,0.0,fast_lio2,0
1621218785.031227589,0.12880108327549233,3.490898759827395,-0.045957306337007287,0.004674774826239576,0.0002298222794320845,-0.002109245056735533,0.99998682228683,-0.004216298765327928,0.0,0.0,0.0,fast_lio2,0
1621218785.031227589,0.12880108327549233,3.490898759827395,-0.045957306337007287,0.004674774826239576,0.0002298222794320845,-0.002109245056735533,0.99998682228683,-0.004216298765327928,0.0,0.0,0.0,fast_lio2,0
1621218785.130945683,0.14870838825832958,3.7769557782576086,-0.05224652213776072,0.004863804979235593,0.00039731119164027035,-0.0025292539025443665,0.9999848940957128,-0.005054589722693964,0.0,0.0,0.0,fast_lio2,0
1621218785.130945683,0.14870838825832958,3.7769557782576086,-0.05224652213776072,0.004863804979235593,0.00039731119164027035,-0.0025292539025443665,0.9999848940957128,-0.005054589722693964,0.0,0.0,0.0,fast_lio2,0
1621218785.231066227,0.1674856829597097,4.072537310388779,-0.059289950017229025,0.005170350638449638,0.0005594568243769844,-0.0026241902727378794,0.9999830339099383,-0.005242533782208637,0.0,0.0,0.0,fast_lio2,0
1621218785.231066227,0.1674856829597097,4.072537310388779,-0.059289950017229025,0.005170350638449638,0.0005594568243769844,-0.0026241902727378794,0.9999830339099383,-0.005242533782208637,0.0,0.0,0.0,fast_lio2,0
1621218785.331125736,0.18298471790393908,4.377977929518188,-0.06298022602030251,0.005440746382568908,0.0005175574498679946,-0.0027769085720200414,0.9999812094193793,-0.005548112598389909,0.0,0.0,0.0,fast_lio2,0
1621218785.331125736,0.18298471790393908,4.377977929518188,-0.06298022602030251,0.005440746382568908,0.0005175574498679946,-0.0027769085720200414,0.9999812094193793,-0.005548112598389909,0.0,0.0,0.0,fast_lio2,0
1621218785.431394815,0.19543434279201075,4.697080830648321,-0.06680396105185477,0.005488566293859075,0.000545056914223722,-0.0033867716722198824,0.9999790539459382,-0.006767474260026282,0.0,0.0,0.0,fast_lio2,0
1621218785.431394815,0.19543434279201075,4.697080830648321,-0.06680396105185477,0.005488566293859075,0.000545056914223722,-0.0033867716722198824,0.9999790539459382,-0.006767474260026282,0.0,0.0,0.0,fast_lio2,0
1621218785.531458378,0.20509310558343896,5.028462763775939,-0.06537859931435254,0.005202758803303886,0.0005180198446339077,-0.0036834627393999386,0.9999795473200924,-0.007361455276439873,0.0,0.0,0.0,fast_lio2,0
1621218785.531458378,0.20509310558343896,5.028462763775939,-0.06537859931435254,0.005202758803303886,0.0005180198446339077,-0.0036834627393999386,0.9999795473200924,-0.007361455276439873,0.0,0.0,0.0,fast_lio2,0
1621218785.631731510,0.22261580720324506,5.368656340522669,-0.06618177580479266,0.004803185499266865,0.00041800100404287615,-0.004091576891533417,0.9999800066415,-0.008179069027168917,0.0,0.0,0.0,fast_lio2,0
1621218785.631731510,0.22261580720324506,5.368656340522669,-0.06618177580479266,0.004803185499266865,0.00041800100404287615,-0.004091576891533417,0.9999800066415,-0.008179069027168917,0.0,0.0,0.0,fast_lio2,0
1621218785.731604815,0.23905674090830142,5.716546445680049,-0.06519010115976746,0.0046395088047697436,0.0002687411570872825,-0.004837653216933142,0.9999774996706511,-0.009672747555515894,0.0,0.0,0.0,fast_lio2,0
1621218785.731604815,0.23905674090830142,5.716546445680049,-0.06519010115976746,0.0046395088047697436,0.0002687411570872825,-0.004837653216933142,0.9999774996706511,-0.009672747555515894,0.0,0.0,0.0,fast_lio2,0
1621218785.831616879,0.25911573858110726,6.074416475727317,-0.06880844663257497,0.004418304703071466,0.0006744514223496127,-0.005263945596053422,0.9999761570035386,-0.01052188470059678,0.0,0.0,0.0,fast_lio2,0
1621218785.831616879,0.25911573858110726,6.074416475727317,-0.06880844663257497,0.004418304703071466,0.0006744514223496127,-0.005263945596053422,0.9999761570035386,-0.01052188470059678,0.0,0.0,0.0,fast_lio2,0
1621218785.932035923,0.2842492599930248,6.4435106767768575,-0.0757715840293615,0.0037142964214163005,0.0008021843488141449,-0.0059817112894774765,0.999974889500925,-0.011957464269111501,0.0,0.0,0.0,fast_lio2,0
1621218785.932035923,0.2842492599930248,6.4435106767768575,-0.0757715840293615,0.0037142964214163005,0.0008021843488141449,-0.0059817112894774765,0.999974889500925,-0.011957464269111501,0.0,0.0,0.0,fast_lio2,0
1621218786.031843662,0.30037772596624,6.822468702486295,-0.07736221704014663,0.0024324692922792135,0.0007320710593129841,-0.007158308765919157,0.9999711524742557,-0.014313147839138283,0.0,0.0,0.0,fast_lio2,0
1621218786.031843662,0.30037772596624,6.822468702486295,-0.07736221704014663,0.0024324692922792135,0.0007320710593129841,-0.007158308765919157,0.9999711524742557,-0.014313147839138283,0.0,0.0,0.0,fast_lio2,0
1621218786.132039309,0.31449565407787317,7.209952875454354,-0.07794992587372504,0.001805981709938341,0.00014457494723969035,-0.008134036911422194,0.9999652768829755,-0.016267705070321707,0.0,0.0,0.0,fast_lio2,0
1621218786.132039309,0.31449565407787317,7.209952875454354,-0.07794992587372504,0.001805981709938341,0.00014457494723969035,-0.008134036911422194,0.9999652768829755,-0.016267705070321707,0.0,0.0,0.0,fast_lio2,0
1621218786.232226849,0.33086123042246435,7.605223626739171,-0.07996639003274085,0.0017976789503197786,-1.4419104957359087e-05,-0.009538133005993295,0.9999528949711651,-0.019076576289468815,0.0,0.0,0.0,fast_lio2,0
1621218786.232226849,0.33086123042246435,7.605223626739171,-0.07996639003274085,0.0017976789503197786,-1.4419104957359087e-05,-0.009538133005993295,0.9999528949711651,-0.019076576289468815,0.0,0.0,0.0,fast_lio2,0
1621218786.332298040,0.35629905396487915,8.00391133167946,-0.08600582848800362,0.0017181438341990517,0.0004606879600535651,-0.0108313847241911,0.9999397566120158,-0.02166158528782279,0.0,0.0,0.0,fast_lio2,0
1621218786.332298040,0.35629905396487915,8.00391133167946,-0.08600582848800362,0.0017181438341990517,0.0004606879600535651,-0.0108313847241911,0.9999397566120158,-0.02166158528782279,0.0,0.0,0.0,fast_lio2,0
1621218786.432424545,0.3898590997405897,8.403933902863319,-0.09251082816105519,0.0016597055187113057,0.0007706318993131907,-0.012100249913827762,0.9999251149241439,-0.024198521358521206,0.0,0.0,0.0,fast_lio2,0
1621218786.432424545,0.3898590997405897,8.403933902863319,-0.09251082816105519,0.0016597055187113057,0.0007706318993131907,-0.012100249913827762,0.9999251149241439,-0.024198521358521206,0.0,0.0,0.0,fast_lio2,0
1621218786.532478809,0.4243539422382068,8.80700490411361,-0.10051456059695348,0.0022860830592385663,0.0010573668184424927,-0.013404671500937368,0.9999069809645212,-0.026805288132183785,0.0,0.0,0.0,fast_lio2,0
1621218786.532478809,0.4243539422382068,8.80700490411361,-0.10051456059695348,0.0022860830592385663,0.0010573668184424927,-0.013404671500937368,0.9999069809645212,-0.026805288132183785,0.0,0.0,0.0,fast_lio2,0
1621218786.632621050,0.4524342031775253,9.215556467874345,-0.1088803174873215,0.0020354649621630023,0.0009039172594064222,-0.014857922346272118,0.999887134610453,-0.029713234850496744,0.0,0.0,0.0,fast_lio2,0
1621218786.632621050,0.4524342031775253,9.215556467874345,-0.1088803174873215,0.0020354649621630023,0.0009039172594064222,-0.014857922346272118,0.999887134610453,-0.029713234850496744,0.0,0.0,0.0,fast_lio2,0
1621218786.732629299,0.47565973365798053,9.626262513463574,-0.11445287746890301,0.001536337714262874,7.237925817629098e-05,-0.015894820519427633,0.9998724864242934,-0.031790720236381825,0.0,0.0,0.0,fast_lio2,0
1621218786.732629299,0.47565973365798053,9.626262513463574,-0.11445287746890301,0.001536337714262874,7.237925817629098e-05,-0.015894820519427633,0.9998724864242934,-0.031790720236381825,0.0,0.0,0.0,fast_lio2,0
1621218786.832288742,0.4967677989300033,10.032587912815771,-0.12229006684298427,0.0006159902841164253,-8.728402071670219e-06,-0.016887639127257166,0.9998572038668649,-0.033776888214882415,0.0,0.0,0.0,fast_lio2,0
1621218786.832288742,0.4967677989300033,10.032587912815771,-0.12229006684298427,0.0006159902841164253,-8.728402071670219e-06,-0.016887639127257166,0.9998572038668649,-0.033776888214882415,0.0,0.0,0.0,fast_lio2,0
1621218786.932423592,0.5247589963976078,10.440359370712384,-0.12325015385568787,8.69018707132605e-05,-0.0002194177610955164,-0.017763161042663112,0.9998421947555803,-0.035528231162991426,0.0,0.0,0.0,fast_lio2,0
1621218786.932423592,0.5247589963976078,10.440359370712384,-0.12325015385568787,8.69018707132605e-05,-0.0002194177610955164,-0.017763161042663112,0.9998421947555803,-0.035528231162991426,0.0,0.0,0.0,fast_lio2,0
1621218787.032491684,0.5607065348536043,10.83878060608103,-0.12493437403580263,0.0005459324910656951,0.0004186184687365539,-0.018309106736518605,0.9998321375744906,-0.03661980706428379,0.0,0.0,0.0,fast_lio2,0
1621218787.032491684,0.5607065348536043,10.83878060608103,-0.12493437403580263,0.0005459324910656951,0.0004186184687365539,-0.018309106736518605,0.9998321375744906,-0.03661980706428379,0.0,0.0,0.0,fast_lio2,0
1621218787.132979870,0.5957040874970975,11.235976777180086,-0.12867324775191724,0.0014231940694854166,0.0011447575461681386,-0.018685074843242347,0.9998237504814915,-0.03736910401752417,0.0,0.0,0.0,fast_lio2,0
1621218787.132979870,0.5957040874970975,11.235976777180086,-0.12867324775191724,0.0014231940694854166,0.0011447575461681386,-0.018685074843242347,0.9998237504814915,-0.03736910401752417,0.0,0.0,0.0,fast_lio2,0
1621218787.232751846,0.6212610055186117,11.63035380739946,-0.138889437314427,0.0011178467417825876,0.0010572640419950893,-0.018679636055777615,0.9998243364752657,-0.03735912230711877,0.0,0.0,0.0,fast_lio2,0
1621218787.232751846,0.6212610055186117,11.63035380739946,-0.138889437314427,0.0011178467417825876,0.0010572640419950893,-0.018679636055777615,0.9998243364752657,-0.03735912230711877,0.0,0.0,0.0,fast_lio2,0
1621218787.332817078,0.646700927752462,12.026906743963277,-0.14459391090679655,0.0008447313123954416,0.0009292489929004942,-0.018746299939756517,0.9998234840029824,-0.03749326255105543,0.0,0.0,0.0,fast_lio2,0
1621218787.332817078,0.646700927752462,12.026906743963277,-0.14459391090679655,0.0008447313123954416,0.0009292489929004942,-0.018746299939756517,0.9998234840029824,-0.03749326255105543,0.0,0.0,0.0,fast_lio2,0
1621218787.433037043,0.6713984707827372,12.417023497421523,-0.14588114916290537,0.0014753701221930232,0.0007129814863808145,-0.018683348343015445,0.999824108248581,-0.037366756431318406,0.0,0.0,0.0,fast_lio2,0
1621218787.433037043,0.6713984707827372,12.417023497421523,-0.14588114916290537,0.0014753701221930232,0.0007129814863808145,-0.018683348343015445,0.999824108248581,-0.037366756431318406,0.0,0.0,0.0,fast_lio2,0
1621218787.533026218,0.6926825809427145,12.806646798064284,-0.15433704054600922,0.001568253390576507,0.0016445713422049877,-0.018090278311377127,0.9998337750831355,-0.03617747775309674,0.0,0.0,0.0,fast_lio2,0
1621218787.533026218,0.6926825809427145,12.806646798064284,-0.15433704054600922,0.001568253390576507,0.0016445713422049877,-0.018090278311377127,0.9998337750831355,-0.03617747775309674,0.0,0.0,0.0,fast_lio2,0
1621218787.633065939,0.7260856972504953,13.196665642871807,-0.1627089642385092,0.0005473660819229165,0.0022717661427757783,-0.01706099933644647,0.999851719891795,-0.03412142772682148,0.0,0.0,0.0,fast_lio2,0
1621218787.633065939,0.7260856972504953,13.196665642871807,-0.1627089642385092,0.0005473660819229165,0.0022717661427757783,-0.01706099933644647,0.999851719891795,-0.03412142772682148,0.0,0.0,0.0,fast_lio2,0
1621218787.733442307,0.7569781586580423,13.58457991774904,-0.16996365892444157,-4.414023419903044e-05,0.0025827802347540884,-0.016141640769572637,0.9998663784382082,-0.03228523450151786,0.0,0.0,0.0,fast_lio2,0
1621218787.733442307,0.7569781586580423,13.58457991774904,-0.16996365892444157,-4.414023419903044e-05,0.0025827802347540884,-0.016141640769572637,0.9998663784382082,-0.03228523450151786,0.0,0.0,0.0,fast_lio2,0
1621218787.833387375,0.778489922959328,13.96430842814234,-0.16759723154457054,0.0008646635289573405,0.0031346856977477254,-0.0143694359388554,0.9998914668169387,-0.028734855054322394,0.0,0.0,0.0,fast_lio2,0
1621218787.833387375,0.778489922959328,13.96430842814234,-0.16759723154457054,0.0008646635289573405,0.0031346856977477254,-0.0143694359388554,0.9998914668169387,-0.028734855054322394,0.0,0.0,0.0,fast_lio2,0
1621218787.933643341,0.7929133038246385,14.34232378366127,-0.17363643081657854,0.0014956083542481226,0.003135387182593772,-0.012083955041701995,0.9999209521424118,-0.024159451579282155,0.0,0.0,0.0,fast_lio2,0
1621218787.933643341,0.7929133038246385,14.34232378366127,-0.17363643081657854,0.0014956083542481226,0.003135387182593772,-0.012083955041701995,0.9999209521424118,-0.024159451579282155,0.0,0.0,0.0,fast_lio2,0
1621218788.033745289,0.8049043782453941,14.727181148402849,-0.18274088305791455,0.0016172254123825414,0.003327968227201046,-0.009557214776116665,0.9999474830485535,-0.019104250684600508,0.0,0.0,0.0,fast_lio2,0
1621218788.033745289,0.8049043782453941,14.727181148402849,-0.18274088305791455,0.0016172254123825414,0.003327968227201046,-0.009557214776116665,0.9999474830485535,-0.019104250684600508,0.0,0.0,0.0,fast_lio2,0
1621218788.133819580,0.8138063778231585,15.11676817822147,-0.18376817751293278,0.0014322584811355505,0.004368900600403055,-0.00585672543001956,0.9999722796709889,-0.011701326777744275,0.0,0.0,0.0,fast_lio2,0
1621218788.133819580,0.8138063778231585,15.11676817822147,-0.18376817751293278,0.0014322584811355505,0.004368900600403055,-0.00585672543001956,0.9999722796709889,-0.011701326777744275,0.0,0.0,0.0,fast_lio2,0
1621218788.233885288,0.8225635828496742,15.504357409543324,-0.18364376761091258,0.003524310074641995,0.006637049118325689,-0.001223833045928969,0.9999710151050099,-0.0024010272197363793,0.0,0.0,0.0,fast_lio2,0
1621218788.233885288,0.8225635828496742,15.504357409543324,-0.18364376761091258,0.003524310074641995,0.006637049118325689,-0.001223833045928969,0.9999710151050099,-0.0024010272197363793,0.0,0.0,0.0,fast_lio2,0
1621218788.334009171,0.8318912030328686,15.895422472773513,-0.19251065507062112,0.004845757496202018,0.007541788337576469,0.004456927356427051,0.9999498866750602,0.008987636866411472,0.0,0.0,0.0,fast_lio2,0
1621218788.334009171,0.8318912030328686,15.895422472773513,-0.19251065507062112,0.004845757496202018,0.007541788337576469,0.004456927356427051,0.9999498866750602,0.008987636866411472,0.0,0.0,0.0,fast_lio2,0
1621218788.434152126,0.8257317248881818,16.299084488405743,-0.19676289190023216,0.00517604532218365,0.00854473116396852,0.010806487242017845,0.9998917021145897,0.021703920863788657,0.0,0.0,0.0,fast_lio2,0
1621218788.434152126,0.8257317248881818,16.299084488405743,-0.19676289190023216,0.00517604532218365,0.00854473116396852,0.010806487242017845,0.9998917021145897,0.021703920863788657,0.0,0.0,0.0,fast_lio2,0
1621218788.534281015,0.8094751784259548,16.70489017725992,-0.1957180060425226,0.005529057174679434,0.00899151061882493,0.0190234021693511,0.9997633182075734,0.03815250541118046,0.0,0.0,0.0,fast_lio2,0
1621218788.534281015,0.8094751784259548,16.70489017725992,-0.1957180060425226,0.005529057174679434,0.00899151061882493,0.0190234021693511,0.9997633182075734,0.03815250541118046,0.0,0.0,0.0,fast_lio2,0
1621218788.634346485,0.7811732958058857,17.112044491263493,-0.20030484741902502,0.005937408947273031,0.009472446971095307,0.028338189309641968,0.999535875769343,0.056802919745458195,0.0,0.0,0.0,fast_lio2,0
1621218788.634346485,0.7811732958058857,17.112044491263493,-0.20030484741902502,0.005937408947273031,0.009472446971095307,0.028338189309641968,0.999535875769343,0.056802919745458195,0.0,0.0,0.0,fast_lio2,0
1621218788.733959913,0.7368814341043387,17.52853296392979,-0.21630568351312554,0.005149031255475348,0.009484170370000579,0.0394929929191017,0.9991615692668421,0.07911352455012942,0.0,0.0,0.0,fast_lio2,0
1621218788.733959913,0.7368814341043387,17.52853296392979,-0.21630568351312554,0.005149031255475348,0.009484170370000579,0.0394929929191017,0.9991615692668421,0.07911352455012942,0.0,0.0,0.0,fast_lio2,0
1621218788.834674835,0.6898060349241916,17.95208506457526,-0.22700842782911188,0.0039276604939885,0.012171953375770737,0.053118213839465404,0.9985063206572762,0.10640434038664123,0.0,0.0,0.0,fast_lio2,0
1621218788.834674835,0.6898060349241916,17.95208506457526,-0.22700842782911188,0.0039276604939885,0.012171953375770737,0.053118213839465404,0.9985063206572762,0.10640434038664123,0.0,0.0,0.0,fast_lio2,0
1621218788.934627533,0.6444953606974958,18.37041436769238,-0.22953080513339963,0.002947312497217265,0.014182270570429614,0.06762867874058369,0.9976054021316634,0.1354837482681693,0.0,0.0,0.0,fast_lio2,0
1621218788.934627533,0.6444953606974958,18.37041436769238,-0.22953080513339963,0.002947312497217265,0.014182270570429614,0.06762867874058369,0.9976054021316634,0.1354837482681693,0.0,0.0,0.0,fast_lio2,0
1621218789.034278393,0.5854585204271384,18.783111407809564,-0.22751400780235503,0.0018158263484930274,0.0160111723519882,0.08337291439470693,0.9963881283314674,0.16706078323833193,0.0,0.0,0.0,fast_lio2,0
1621218789.034278393,0.5854585204271384,18.783111407809564,-0.22751400780235503,0.0018158263484930274,0.0160111723519882,0.08337291439470693,0.9963881283314674,0.16706078323833193,0.0,0.0,0.0,fast_lio2,0
1621218789.134430885,0.49828103373408045,19.19297468623431,-0.22531277377041395,0.0009256351637539965,0.014543140309588448,0.10103704824093829,0.9947759321335642,0.20250982194341643,0.0,0.0,0.0,fast_lio2,0
1621218789.134430885,0.49828103373408045,19.19297468623431,-0.22531277377041395,0.0009256351637539965,0.014543140309588448,0.10103704824093829,0.9947759321335642,0.20250982194341643,0.0,0.0,0.0,fast_lio2,0
1621218789.234777212,0.37472646070145105,19.599531384763388,-0.22503209284116996,0.00017131970685097369,0.011880627366486575,0.12005094658682934,0.9926966261484464,0.24073707814957124,0.0,0.0,0.0,fast_lio2,0
1621218789.234777212,0.37472646070145105,19.599531384763388,-0.22503209284116996,0.00017131970685097369,0.011880627366486575,0.12005094658682934,0.9926966261484464,0.24073707814957124,0.0,0.0,0.0,fast_lio2,0
1621218789.334456682,0.2419681094082186,19.9950392073543,-0.23108921193363124,-0.0007698876996680538,0.011782774944935327,0.14063668306198607,0.9899908569602119,0.28224980748869477,0.0,0.0,0.0,fast_lio2,0
1621218789.334456682,0.2419681094082186,19.9950392073543,-0.23108921193363124,-0.0007698876996680538,0.011782774944935327,0.14063668306198607,0.9899908569602119,0.28224980748869477,0.0,0.0,0.0,fast_lio2,0
1621218789.434733868,0.10236368394189332,20.388070229594543,-0.24294633881643096,-0.0008767434083698497,0.013378708053219833,0.16169121360817457,0.9867503194495072,0.3248724721358854,0.0,0.0,0.0,fast_lio2,0
1621218789.434733868,0.10236368394189332,20.388070229594543,-0.24294633881643096,-0.0008767434083698497,0.013378708053219833,0.16169121360817457,0.9867503194495072,0.3248724721358854,0.0,0.0,0.0,fast_lio2,0
1621218789.534783840,-0.051170239420879345,20.773667378144626,-0.24933638071612146,-0.0019328496459260869,0.015283161982958227,0.1841096171444922,0.9827849906907019,0.37040442708783644,0.0,0.0,0.0,fast_lio2,0
1621218789.534783840,-0.051170239420879345,20.773667378144626,-0.24933638071612146,-0.0019328496459260869,0.015283161982958227,0.1841096171444922,0.9827849906907019,0.37040442708783644,0.0,0.0,0.0,fast_lio2,0
1621218789.634921789,-0.20719611588724807,21.15103759909475,-0.24786686261882476,-0.0028230557453874645,0.017922573899479967,0.20705762146341833,0.978160494548289,0.41723701039667016,0.0,0.0,0.0,fast_lio2,0
1621218789.634921789,-0.20719611588724807,21.15103759909475,-0.24786686261882476,-0.0028230557453874645,0.017922573899479967,0.20705762146341833,0.978160494548289,0.41723701039667016,0.0,0.0,0.0,fast_lio2,0
1621218789.735082626,-0.3990655909441721,21.517200057292854,-0.2416139210387914,-0.0033412909334664207,0.01811983767814034,0.23049626462071757,0.9728987507717735,0.46528983937572954,0.0,0.0,0.0,fast_lio2,0
1621218789.735082626,-0.3990655909441721,21.517200057292854,-0.2416139210387914,-0.0033412909334664207,0.01811983767814034,0.23049626462071757,0.9728987507717735,0.46528983937572954,0.0,0.0,0.0,fast_lio2,0
1621218789.835201740,-0.6157559475831482,21.871123422470554,-0.2471508106130401,-0.0035365816697358215,0.01888086000848668,0.25535131530517513,0.9666574944039461,0.5165733665991161,0.0,0.0,0.0,fast_lio2,0
1621218789.835201740,-0.6157559475831482,21.871123422470554,-0.2471508106130401,-0.0035365816697358215,0.01888086000848668,0.25535131530517513,0.9666574944039461,0.5165733665991161,0.0,0.0,0.0,fast_lio2,0
1621218789.935238361,-0.8386995759611622,22.210638520259295,-0.25044812488175155,-0.004302279254059766,0.021181198595634103,0.2814412647236283,0.9593350101658972,0.5708076580223309,0.0,0.0,0.0,fast_lio2,0
1621218789.935238361,-0.8386995759611622,22.210638520259295,-0.25044812488175155,-0.004302279254059766,0.021181198595634103,0.2814412647236283,0.9593350101658972,0.5708076580223309,0.0,0.0,0.0,fast_lio2,0
1621218790.035341263,-1.0768699226135865,22.54441812952484,-0.25957952401889556,-0.005555037712306519,0.022922831840879693,0.30844666090696116,0.9509491798785675,0.6273839604079007,0.0,0.0,0.0,fast_lio2,0
1621218790.035341263,-1.0768699226135865,22.54441812952484,-0.25957952401889556,-0.005555037712306519,0.022922831840879693,0.30844666090696116,0.9509491798785675,0.6273839604079007,0.0,0.0,0.0,fast_lio2,0
1621218790.135387421,-1.3447156771356892,22.856708478500487,-0.26256076703283165,-0.005215824574690189,0.021862273147483416,0.3355075622000036,0.9417693517488276,0.6845763384411586,0.0,0.0,0.0,fast_lio2,0
1621218790.135387421,-1.3447156771356892,22.856708478500487,-0.26256076703283165,-0.005215824574690189,0.021862273147483416,0.3355075622000036,0.9417693517488276,0.6845763384411586,0.0,0.0,0.0,fast_lio2,0
1621218790.235659599,-1.6484522085905446,23.146035125093537,-0.25716291264050756,-0.0034413329938728127,0.02042659250007348,0.3636849012432906,0.931291685860925,0.744780353036107,0.0,0.0,0.0,fast_lio2,0
1621218790.235659599,-1.6484522085905446,23.146035125093537,-0.25716291264050756,-0.0034413329938728127,0.02042659250007348,0.3636849012432906,0.931291685860925,0.744780353036107,0.0,0.0,0.0,fast_lio2,0
1621218790.335742950,-1.9567294665808652,23.413572210246265,-0.25396915086451366,-0.0020154838354863006,0.01966604951833812,0.3924786312331817,0.9195486438174673,0.8070382984528462,0.0,0.0,0.0,fast_lio2,0
1621218790.335742950,-1.9567294665808652,23.413572210246265,-0.25396915086451366,-0.0020154838354863006,0.01966604951833812,0.3924786312331817,0.9195486438174673,0.8070382984528462,0.0,0.0,0.0,fast_lio2,0
1621218790.435828686,-2.2788536933109578,23.670342187312933,-0.2561915073629273,-0.0006991718002102373,0.02010192471963226,0.4214959309756028,0.9066071938564876,0.8706674007547852,0.0,0.0,0.0,fast_lio2,0
1621218790.435828686,-2.2788536933109578,23.670342187312933,-0.2561915073629273,-0.0006991718002102373,0.02010192471963226,0.4214959309756028,0.9066071938564876,0.8706674007547852,0.0,0.0,0.0,fast_lio2,0
1621218790.535763264,-2.6079381205797056,23.915746376359287,-0.2576321202534128,-3.478293853905337e-05,0.02127213810928945,0.44987870721557754,0.8928362916707702,0.9338501275425384,0.0,0.0,0.0,fast_lio2,0
1621218790.535763264,-2.6079381205797056,23.915746376359287,-0.2576321202534128,-3.478293853905337e-05,0.02127213810928945,0.44987870721557754,0.8928362916707702,0.9338501275425384,0.0,0.0,0.0,fast_lio2,0
1621218790.635869503,-2.9540390523912947,24.14423965704434,-0.2612731730685641,0.0007015734533142385,0.022746444258976744,0.47766030616224997,0.8782498158184915,0.9967125676689197,0.0,0.0,0.0,fast_lio2,0
1621218790.635869503,-2.9540390523912947,24.14423965704434,-0.2612731730685641,0.0007015734533142385,0.022746444258976744,0.47766030616224997,0.8782498158184915,0.9967125676689197,0.0,0.0,0.0,fast_lio2,0
1621218790.736074924,-3.320019955692122,24.351559011491414,-0.2594476536071318,0.0015153039908119752,0.023219926982292447,0.5048422637242059,0.862897924208037,1.0592181174280457,0.0,0.0,0.0,fast_lio2,0
1621218790.736074924,-3.320019955692122,24.351559011491414,-0.2594476536071318,0.0015153039908119752,0.023219926982292447,0.5048422637242059,0.862897924208037,1.0592181174280457,0.0,0.0,0.0,fast_lio2,0
1621218790.836102009,-3.705979611269246,24.52712813519885,-0.2560740504594659,0.002307581242868254,0.02248685495573111,0.5312237400859052,0.8469299583744319,1.120905085237484,0.0,0.0,0.0,fast_lio2,0
1621218790.836102009,-3.705979611269246,24.52712813519885,-0.2560740504594659,0.002307581242868254,0.02248685495573111,0.5312237400859052,0.8469299583744319,1.120905085237484,0.0,0.0,0.0,fast_lio2,0
1621218790.936451435,-4.106353785726969,24.68117271816397,-0.25265249864684775,0.0028531569622176956,0.0215933287515661,0.5567314143942708,0.8304069603967063,1.1816805667812573,0.0,0.0,0.0,fast_lio2,0
1621218790.936451435,-4.106353785726969,24.68117271816397,-0.25265249864684775,0.0028531569622176956,0.0215933287515661,0.5567314143942708,0.8304069603967063,1.1816805667812573,0.0,0.0,0.0,fast_lio2,0
1621218791.036681175,-4.5174527991982005,24.81655602135593,-0.2459425483000761,0.0032933219246990618,0.02109194272393909,0.5812923232405424,0.8134147275064613,1.2414135387578198,0.0,0.0,0.0,fast_lio2,0
1621218791.036681175,-4.5174527991982005,24.81655602135593,-0.2459425483000761,0.0032933219246990618,0.02109194272393909,0.5812923232405424,0.8134147275064613,1.2414135387578198,0.0,0.0,0.0,fast_lio2,0
1621218791.136378527,-4.930767543157178,24.92951012370469,-0.24181431601162384,0.004107920089582162,0.0207166478421427,0.6049134748302314,0.7960110762191095,1.3000963934266585,0.0,0.0,0.0,fast_lio2,0
1621218791.136378527,-4.930767543157178,24.92951012370469,-0.24181431601162384,0.004107920089582162,0.0207166478421427,0.6049134748302314,0.7960110762191095,1.3000963934266585,0.0,0.0,0.0,fast_lio2,0
1621218791.236786366,-5.347272031121688,25.023648943047426,-0.23308364682617003,0.005091115055469678,0.020037124838616412,0.6274052362322883,0.7784184374255068,1.3571879909081417,0.0,0.0,0.0,fast_lio2,0
1621218791.236786366,-5.347272031121688,25.023648943047426,-0.23308364682617003,0.005091115055469678,0.020037124838616412,0.6274052362322883,0.7784184374255068,1.3571879909081417,0.0,0.0,0.0,fast_lio2,0
1621218791.336593151,-5.769019566041304,25.09930554769563,-0.2238099205166101,0.006635251389914792,0.01912945053543372,0.647887437707719,0.7614669432232098,1.41032291081146,0.0,0.0,0.0,fast_lio2,0
1621218791.336593151,-5.769019566041304,25.09930554769563,-0.2238099205166101,0.006635251389914792,0.01912945053543372,0.647887437707719,0.7614669432232098,1.41032291081146,0.0,0.0,0.0,fast_lio2,0
1621218791.436311245,-6.199334010554793,25.154813467451618,-0.21698037895452196,0.00877559542842707,0.0176873730115953,0.6660366270848951,0.7456576675272439,1.4583828819821305,0.0,0.0,0.0,fast_lio2,0
1621218791.436311245,-6.199334010554793,25.154813467451618,-0.21698037895452196,0.00877559542842707,0.0176873730115953,0.6660366270848951,0.7456576675272439,1.4583828819821305,0.0,0.0,0.0,fast_lio2,0
1621218791.536728859,-6.633959555488364,25.20076992552246,-0.21459542580538088,0.01049280750663334,0.016225366939414492,0.6816457556175207,0.731427168149296,1.5005438294101725,0.0,0.0,0.0,fast_lio2,0
1621218791.536728859,-6.633959555488364,25.20076992552246,-0.21459542580538088,0.01049280750663334,0.016225366939414492,0.6816457556175207,0.731427168149296,1.5005438294101725,0.0,0.0,0.0,fast_lio2,0
1621218791.636524200,-7.0734939392338845,25.239284646380057,-0.21089245809734605,0.01089581197308965,0.01531661407566098,0.6949728655982502,0.718790232750021,1.537232997930811,0.0,0.0,0.0,fast_lio2,0
1621218791.636524200,-7.0734939392338845,25.239284646380057,-0.21089245809734605,0.01089581197308965,0.01531661407566098,0.6949728655982502,0.718790232750021,1.537232997930811,0.0,0.0,0.0,fast_lio2,0
1621218791.736653090,-7.51764703371008,25.270084455853027,-0.20106651090467073,0.011051644733759306,0.015208353317560106,0.7060974117915224,0.7078651087596612,1.5684059804758839,0.0,0.0,0.0,fast_lio2,0
1621218791.736653090,-7.51764703371008,25.270084455853027,-0.20106651090467073,0.011051644733759306,0.015208353317560106,0.7060974117915224,0.7078651087596612,1.5684059804758839,0.0,0.0,0.0,fast_lio2,0
1621218791.836902142,-7.9637341377558055,25.286412315693457,-0.19188929006039437,0.011163705079700883,0.015267298108745504,0.7153996728325749,0.6984594400595959,1.5948585581227053,0.0,0.0,0.0,fast_lio2,0
1621218791.836902142,-7.9637341377558055,25.286412315693457,-0.19188929006039437,0.011163705079700883,0.015267298108745504,0.7153996728325749,0.6984594400595959,1.5948585581227053,0.0,0.0,0.0,fast_lio2,0
1621218791.936934471,-8.412354283515338,25.289144539529687,-0.1837746382691957,0.011670063915729889,0.014663660234517538,0.7232101566027757,0.6903737075405504,1.617309267058022,0.0,0.0,0.0,fast_lio2,0
1621218791.936934471,-8.412354283515338,25.289144539529687,-0.1837746382691957,0.011670063915729889,0.014663660234517538,0.7232101566027757,0.6903737075405504,1.617309267058022,0.0,0.0,0.0,fast_lio2,0
1621218792.037021399,-8.877810835122583,25.278059711710316,-0.17542798047870278,0.0124587292903315,0.013178469419178725,0.7296224662622126,0.6836096581629403,1.6358875123120327,0.0,0.0,0.0,fast_lio2,0
1621218792.037021399,-8.877810835122583,25.278059711710316,-0.17542798047870278,0.0124587292903315,0.013178469419178725,0.7296224662622126,0.6836096581629403,1.6358875123120327,0.0,0.0,0.0,fast_lio2,0
1621218792.137146950,-9.346901240653438,25.258321742028514,-0.16424093029575748,0.01366002974316471,0.011935608883001823,0.7348427088729946,0.6779949395417152,1.6511559269782503,0.0,0.0,0.0,fast_lio2,0
1621218792.137146950,-9.346901240653438,25.258321742028514,-0.16424093029575748,0.01366002974316471,0.011935608883001823,0.7348427088729946,0.6779949395417152,1.6511559269782503,0.0,0.0,0.0,fast_lio2,0
1621218792.237268448,-9.817000056290631,25.235182436328138,-0.15421286878419432,0.015123240691715566,0.01000048961576769,0.738513137864838,0.6739952692708031,1.6619293197737302,0.0,0.0,0.0,fast_lio2,0
1621218792.237268448,-9.817000056290631,25.235182436328138,-0.15421286878419432,0.015123240691715566,0.01000048961576769,0.738513137864838,0.6739952692708031,1.6619293197737302,0.0,0.0,0.0,fast_lio2,0
1621218792.337254047,-10.285073086614375,25.206562143021852,-0.14426730217126973,0.015945520279104123,0.0086713210338134,0.7403447300056021,0.671982313254935,1.6673240694566054,0.0,0.0,0.0,fast_lio2,0
1621218792.337254047,-10.285073086614375,25.206562143021852,-0.14426730217126973,0.015945520279104123,0.0086713210338134,0.7403447300056021,0.671982313254935,1.6673240694566054,0.0,0.0,0.0,fast_lio2,0
1621218792.437303543,-10.760919794905094,25.177542664980123,-0.13239980397414328,0.01686617439314192,0.007786815917340409,0.7412183229280036,0.6710069265029761,1.6698994208084756,0.0,0.0,0.0,fast_lio2,0
1621218792.437303543,-10.760919794905094,25.177542664980123,-0.13239980397414328,0.01686617439314192,0.007786815917340409,0.7412183229280036,0.6710069265029761,1.6698994208084756,0.0,0.0,0.0,fast_lio2,0
1621218792.537444115,-11.241324076320748,25.153271425267565,-0.12076272214205504,0.017124243461669002,0.00810498317664236,0.7412446832081491,0.6709675023048322,1.669988072605979,0.0,0.0,0.0,fast_lio2,0
1621218792.537444115,-11.241324076320748,25.153271425267565,-0.12076272214205504,0.017124243461669002,0.00810498317664236,0.7412446832081491,0.6709675023048322,1.669988072605979,0.0,0.0,0.0,fast_lio2,0
1621218792.637550116,-11.721077803553992,25.123145724213668,-0.11185584639425522,0.01730561515341026,0.008574291628575165,0.7409754116861852,0.6712543753925792,1.669201040311503,0.0,0.0,0.0,fast_lio2,0
1621218792.637550116,-11.721077803553992,25.123145724213668,-0.11185584639425522,0.01730561515341026,0.008574291628575165,0.7409754116861852,0.6712543753925792,1.669201040311503,0.0,0.0,0.0,fast_lio2,0
1621218792.737894535,-12.212610294422493,25.091460240244455,-0.10122710367467666,0.01797526067830535,0.008359728789339159,0.7403528920290716,0.6719260377469154,1.6673422267076639,0.0,0.0,0.0,fast_lio2,0
1621218792.737894535,-12.212610294422493,25.091460240244455,-0.10122710367467666,0.01797526067830535,0.008359728789339159,0.7403528920290716,0.6719260377469154,1.6673422267076639,0.0,0.0,0.0,fast_lio2,0
1621218792.837726355,-12.708972229426966,25.058819269686435,-0.09280416076320394,0.01890472943590909,0.007900864648958087,0.7392017568744528,0.6731723034828748,1.6639080670228725,0.0,0.0,0.0,fast_lio2,0
1621218792.837726355,-12.708972229426966,25.058819269686435,-0.09280416076320394,0.01890472943590909,0.007900864648958087,0.7392017568744528,0.6731723034828748,1.6639080670228725,0.0,0.0,0.0,fast_lio2,0
1621218792.937961578,-13.214316563897128,25.02179415536848,-0.08344201948800377,0.01940183441027331,0.0072016178198209616,0.7377471050336079,0.6747598939895487,1.6595740572536788,0.0,0.0,0.0,fast_lio2,0
1621218792.937961578,-13.214316563897128,25.02179415536848,-0.08344201948800377,0.01940183441027331,0.0072016178198209616,0.7377471050336079,0.6747598939895487,1.6595740572536788,0.0,0.0,0.0,fast_lio2,0
1621218793.037924051,-13.725050237427089,24.996069281306156,-0.07341506814421933,0.01890920320118488,0.006755370198979942,0.7359971001484568,0.6766868371564472,1.6543829444624665,0.0,0.0,0.0,fast_lio2,0
1621218793.037924051,-13.725050237427089,24.996069281306156,-0.07341506814421933,0.01890920320118488,0.006755370198979942,0.7359971001484568,0.6766868371564472,1.6543829444624665,0.0,0.0,0.0,fast_lio2,0
1621218793.138148785,-14.243708460788703,24.973993029436024,-0.062038097743285975,0.018376163263516997,0.006966380731204706,0.7341335071609574,0.6787206935306567,1.6488887299734545,0.0,0.0,0.0,fast_lio2,0
1621218793.138148785,-14.243708460788703,24.973993029436024,-0.062038097743285975,0.018376163263516997,0.006966380731204706,0.7341335071609574,0.6787206935306567,1.6488887299734545,0.0,0.0,0.0,fast_lio2,0
1621218793.238191128,-14.773063358560613,24.95341875994684,-0.049396642201984114,0.018543712475741318,0.006924696846334257,0.7321855944381497,0.6808174752445915,1.6431582126392414,0.0,0.0,0.0,fast_lio2,0
1621218793.238191128,-14.773063358560613,24.95341875994684,-0.049396642201984114,0.018543712475741318,0.006924696846334257,0.7321855944381497,0.6808174752445915,1.6431582126392414,0.0,0.0,0.0,fast_lio2,0
1621218793.338037491,-15.305283575971949,24.933980768906338,-0.03897375460810077,0.019435099141807813,0.00631621902643708,0.7302819510544473,0.6828401381455486,1.6375621911044345,0.0,0.0,0.0,fast_lio2,0
1621218793.338037491,-15.305283575971949,24.933980768906338,-0.03897375460810077,0.019435099141807813,0.00631621902643708,0.7302819510544473,0.6828401381455486,1.6375621911044345,0.0,0.0,0.0,fast_lio2,0
1621218793.438064098,-15.841044779037658,24.913848348807996,-0.028640779720390083,0.019961269361821944,0.006207632668513653,0.7283957515826978,0.684837675729335,1.6320453863483304,0.0,0.0,0.0,fast_lio2,0
1621218793.438064098,-15.841044779037658,24.913848348807996,-0.028640779720390083,0.019961269361821944,0.006207632668513653,0.7283957515826978,0.684837675729335,1.6320453863483304,0.0,0.0,0.0,fast_lio2,0
1621218793.538189411,-16.385505680853466,24.902025337587432,-0.019766026624227252,0.019431227979500722,0.006547933752774369,0.7263182430427575,0.6870526630222935,1.6259966880770818,0.0,0.0,0.0,fast_lio2,0
1621218793.538189411,-16.385505680853466,24.902025337587432,-0.019766026624227252,0.019431227979500722,0.006547933752774369,0.7263182430427575,0.6870526630222935,1.6259966880770818,0.0,0.0,0.0,fast_lio2,0
1621218793.638421059,-16.942446185055022,24.89488192245672,-0.009784955550268619,0.019918706398707145,0.006285845581966858,0.7238837104090706,0.68960576207358,1.6189189586329122,0.0,0.0,0.0,fast_lio2,0
1621218793.638421059,-16.942446185055022,24.89488192245672,-0.009784955550268619,0.019918706398707145,0.006285845581966858,0.7238837104090706,0.68960576207358,1.6189189586329122,0.0,0.0,0.0,fast_lio2,0
1621218793.738371372,-17.505165912824406,24.89205265864682,-0.0018081846476277945,0.019943305014629212,0.0060973239483498335,0.7214135380389205,0.6921904321499207,1.6117655953945247,0.0,0.0,0.0,fast_lio2,0
1621218793.738371372,-17.505165912824406,24.89205265864682,-0.0018081846476277945,0.019943305014629212,0.0060973239483498335,0.7214135380389205,0.6921904321499207,1.6117655953945247,0.0,0.0,0.0,fast_lio2,0
1621218793.838415146,-18.08607419636917,24.89262314717164,0.007017617603848643,0.018990313941156103,0.006199112265999988,0.7186477912778994,0.6950872542889066,1.6037942233230402,0.0,0.0,0.0,fast_lio2,0
1621218793.838415146,-18.08607419636917,24.89262314717164,0.007017617603848643,0.018990313941156103,0.006199112265999988,0.7186477912778994,0.6950872542889066,1.6037942233230402,0.0,0.0,0.0,fast_lio2,0
1621218793.938577652,-18.677718689679352,24.90518194848865,0.018815085474414628,0.017556432390554447,0.00624141831515003,0.7160176581073516,0.6978334540974361,1.5962429916771892,0.0,0.0,0.0,fast_lio2,0
1621218793.938577652,-18.677718689679352,24.90518194848865,0.018815085474414628,0.017556432390554447,0.00624141831515003,0.7160176581073516,0.6978334540974361,1.5962429916771892,0.0,0.0,0.0,fast_lio2,0
1621218794.038582325,-19.267477039446586,24.92508080788815,0.02988278233340282,0.017085992779998647,0.006711824854603308,0.7133886501122878,0.7005281251661307,1.5887361297766542,0.0,0.0,0.0,fast_lio2,0
1621218794.038582325,-19.267477039446586,24.92508080788815,0.02988278233340282,0.017085992779998647,0.006711824854603308,0.7133886501122878,0.7005281251661307,1.5887361297766542,0.0,0.0,0.0,fast_lio2,0
1621218794.138715506,-19.861129953150687,24.94587766706678,0.04116868115949592,0.01657314016644241,0.007781926081487133,0.7106617697283084,0.7032955436358732,1.5809987335873532,0.0,0.0,0.0,fast_lio2,0
1621218794.138715506,-19.861129953150687,24.94587766706678,0.04116868115949592,0.01657314016644241,0.007781926081487133,0.7106617697283084,0.7032955436358732,1.5809987335873532,0.0,0.0,0.0,fast_lio2,0
1621218794.238809586,-20.46623523738016,24.973391098488435,0.05449945784924333,0.016683915523124256,0.00895886035013858,0.7081647299868893,0.7057932423781094,1.5739516143183494,0.0,0.0,0.0,fast_lio2,0
1621218794.238809586,-20.46623523738016,24.973391098488435,0.05449945784924333,0.016683915523124256,0.00895886035013858,0.7081647299868893,0.7057932423781094,1.5739516143183494,0.0,0.0,0.0,fast_lio2,0
1621218794.338995934,-21.078715146913087,25.005825686743794,0.06874200433099328,0.01783010385916538,0.01088838320071113,0.7054624213627125,0.7084393428887675,1.5663876735316726,0.0,0.0,0.0,fast_lio2,0
1621218794.338995934,-21.078715146913087,25.005825686743794,0.06874200433099328,0.01783010385916538,0.01088838320071113,0.7054624213627125,0.7084393428887675,1.5663876735316726,0.0,0.0,0.0,fast_lio2,0
1621218794.438999176,-21.699880829145854,25.034921263279635,0.07815463925622425,0.018289958005770227,0.010981200450927799,0.7030271822639094,0.7108429303797259,1.5595311249219848,0.0,0.0,0.0,fast_lio2,0
1621218794.438999176,-21.699880829145854,25.034921263279635,0.07815463925622425,0.018289958005770227,0.010981200450927799,0.7030271822639094,0.7108429303797259,1.5595311249219848,0.0,0.0,0.0,fast_lio2,0
1621218794.539380074,-22.33296711460542,25.06674286779192,0.0868655008943245,0.017952489990843003,0.010455636401463264,0.7004093749511247,0.7134389218784659,1.5521594986297509,0.0,0.0,0.0,fast_lio2,0
1621218794.539380074,-22.33296711460542,25.06674286779192,0.0868655008943245,0.017952489990843003,0.010455636401463264,0.7004093749511247,0.7134389218784659,1.5521594986297509,0.0,0.0,0.0,fast_lio2,0
1621218794.639379978,-22.9744713053255,25.10641362413372,0.09775374435077135,0.017019713282560817,0.010187352889644211,0.6974308799032749,0.716377494731785,1.543819155785808,0.0,0.0,0.0,fast_lio2,0
1621218794.639379978,-22.9744713053255,25.10641362413372,0.09775374435077135,0.017019713282560817,0.010187352889644211,0.6974308799032749,0.716377494731785,1.543819155785808,0.0,0.0,0.0,fast_lio2,0
1621218794.739311695,-23.63004969953556,25.155765885065957,0.11083658008470117,0.015948036565716067,0.009124248145582355,0.6947894662905741,0.7189784459614198,1.5364194603605077,0.0,0.0,0.0,fast_lio2,0
1621218794.739311695,-23.63004969953556,25.155765885065957,0.11083658008470117,0.015948036565716067,0.009124248145582355,0.6947894662905741,0.7189784459614198,1.5364194603605077,0.0,0.0,0.0,fast_lio2,0
1621218794.839095592,-24.28994149044635,25.20778509951155,0.12527476256056175,0.015269226670594545,0.007888584657956102,0.691907115906641,0.7217819365339452,1.5283769675573073,0.0,0.0,0.0,fast_lio2,0
1621218794.839095592,-24.28994149044635,25.20778509951155,0.12527476256056175,0.015269226670594545,0.007888584657956102,0.691907115906641,0.7217819365339452,1.5283769675573073,0.0,0.0,0.0,fast_lio2,0
1621218794.939664364,-24.953659835669473,25.26192863943596,0.13727757292377932,0.014588419052723366,0.006068441068626771,0.6891273682552137,0.7244679581417972,1.5206388010128313,0.0,0.0,0.0,fast_lio2,0
1621218794.939664364,-24.953659835669473,25.26192863943596,0.13727757292377932,0.014588419052723366,0.006068441068626771,0.6891273682552137,0.7244679581417972,1.5206388010128313,0.0,0.0,0.0,fast_lio2,0
1621218795.039725304,-25.616597931989368,25.323772736606276,0.14871683842115854,0.014257399649180767,0.0070617764874936,0.6865669037280849,0.7268925261503771,1.5136106501817872,0.0,0.0,0.0,fast_lio2,0
1621218795.039725304,-25.616597931989368,25.323772736606276,0.14871683842115854,0.014257399649180767,0.0070617764874936,0.6865669037280849,0.7268925261503771,1.5136106501817872,0.0,0.0,0.0,fast_lio2,0
1621218795.139972210,-26.285572815360144,25.39826018828367,0.15857292778469503,0.014333167961601811,0.009313649549803417,0.6840242120954253,0.7292590030266619,1.5067030251075682,0.0,0.0,0.0,fast_lio2,0
1621218795.139972210,-26.285572815360144,25.39826018828367,0.15857292778469503,0.014333167961601811,0.009313649549803417,0.6840242120954253,0.7292590030266619,1.5067030251075682,0.0,0.0,0.0,fast_lio2,0
1621218795.239870071,-26.957342266868636,25.477176256940886,0.16611508900612124,0.013723193442651415,0.009800080962058939,0.6813136875426256,0.7317973022237103,1.499303526837177,0.0,0.0,0.0,fast_lio2,0
1621218795.239870071,-26.957342266868636,25.477176256940886,0.16611508900612124,0.013723193442651415,0.009800080962058939,0.6813136875426256,0.7317973022237103,1.499303526837177,0.0,0.0,0.0,fast_lio2,0
1621218795.340326309,-27.645816777148752,25.557551374694114,0.17288031596887293,0.013685827974503545,0.010738975567655492,0.6789523858215901,0.7339761782943213,1.492900601728593,0.0,0.0,0.0,fast_lio2,0
1621218795.340326309,-27.645816777148752,25.557551374694114,0.17288031596887293,0.013685827974503545,0.010738975567655492,0.6789523858215901,0.7339761782943213,1.492900601728593,0.0,0.0,0.0,fast_lio2,0
1621218795.440079212,-28.34140007212225,25.64036339388896,0.17853040198581327,0.011920780829837812,0.01097611086521142,0.6770277035877207,0.7357791166847397,1.487674615036943,0.0,0.0,0.0,fast_lio2,0
1621218795.440079212,-28.34140007212225,25.64036339388896,0.17853040198581327,0.011920780829837812,0.01097611086521142,0.6770277035877207,0.7357791166847397,1.487674615036943,0.0,0.0,0.0,fast_lio2,0
1621218795.540102959,-29.04408783452139,25.73029073620656,0.1934482346791623,0.01016662695901376,0.011183882153020549,0.675861866644295,0.7368733254042442,1.4845176841312087,0.0,0.0,0.0,fast_lio2,0
1621218795.540102959,-29.04408783452139,25.73029073620656,0.1934482346791623,0.01016662695901376,0.011183882153020549,0.675861866644295,0.7368733254042442,1.4845176841312087,0.0,0.0,0.0,fast_lio2,0
1621218795.639894009,-29.74589918791934,25.82201280696003,0.20085530405928748,0.009138761255465155,0.01137721480506068,0.6747657192364048,0.7378877056634898,1.481553463089576,0.0,0.0,0.0,fast_lio2,0
1621218795.639894009,-29.74589918791934,25.82201280696003,0.20085530405928748,0.009138761255465155,0.01137721480506068,0.6747657192364048,0.7378877056634898,1.481553463089576,0.0,0.0,0.0,fast_lio2,0
1621218795.740305424,-30.45781757438623,25.912684184991864,0.21184788264718463,0.008356349355931313,0.011802898094034906,0.6739075731862102,0.7386741134114913,1.479248210727882,0.0,0.0,0.0,fast_lio2,0
1621218795.740305424,-30.45781757438623,25.912684184991864,0.21184788264718463,0.008356349355931313,0.011802898094034906,0.6739075731862102,0.7386741134114913,1.479248210727882,0.0,0.0,0.0,fast_lio2,0
1621218795.840143681,-31.169388317903366,26.00279270022161,0.219224359244553,0.008046213485725684,0.011015159545937885,0.6734648675183412,0.7390933614416911,1.4780144152105674,0.0,0.0,0.0,fast_lio2,0
1621218795.840143681,-31.169388317903366,26.00279270022161,0.219224359244553,0.008046213485725684,0.011015159545937885,0.6734648675183412,0.7390933614416911,1.4780144152105674,0.0,0.0,0.0,fast_lio2,0
1621218795.940635681,-31.885059377338195,26.097914561557968,0.23296399118501504,0.008592173918091977,0.012112777813362825,0.6732170956062639,0.7392957441676692,1.477394661328387,0.0,0.0,0.0,fast_lio2,0
1621218795.940635681,-31.885059377338195,26.097914561557968,0.23296399118501504,0.008592173918091977,0.012112777813362825,0.6732170956062639,0.7392957441676692,1.477394661328387,0.0,0.0,0.0,fast_lio2,0
1621218796.040320873,-32.60307820355846,26.188059560759555,0.2442241485425505,0.009718027096531615,0.012340103825164091,0.6731618425575531,0.7393283543266899,1.4772570250819521,0.0,0.0,0.0,fast_lio2,0
1621218796.040320873,-32.60307820355846,26.188059560759555,0.2442241485425505,0.009718027096531615,0.012340103825164091,0.6731618425575531,0.7393283543266899,1.4772570250819521,0.0,0.0,0.0,fast_lio2,0
1621218796.140390635,-33.333574198127074,26.27595414194812,0.24717515820526686,0.00974630178716708,0.011858897976006316,0.6733585764511776,0.7391566841068732,1.4777661049457789,0.0,0.0,0.0,fast_lio2,0
1621218796.140390635,-33.333574198127074,26.27595414194812,0.24717515820526686,0.00974630178716708,0.011858897976006316,0.6733585764511776,0.7391566841068732,1.4777661049457789,0.0,0.0,0.0,fast_lio2,0
1621218796.240539551,-34.07801381297286,26.370379697680256,0.247733650618065,0.009113022788298189,0.011215812017568617,0.6739933392230006,0.7385960581125736,1.4794541571327107,0.0,0.0,0.0,fast_lio2,0
1621218796.240539551,-34.07801381297286,26.370379697680256,0.247733650618065,0.009113022788298189,0.011215812017568617,0.6739933392230006,0.7385960581125736,1.4794541571327107,0.0,0.0,0.0,fast_lio2,0
1621218796.340568542,-34.824871369931245,26.46562815862081,0.26418594074858404,0.008303487462599901,0.011066242396164747,0.674687034493454,0.7379742514895588,1.4813259442539686,0.0,0.0,0.0,fast_lio2,0
1621218796.340568542,-34.824871369931245,26.46562815862081,0.26418594074858404,0.008303487462599901,0.011066242396164747,0.674687034493454,0.7379742514895588,1.4813259442539686,0.0,0.0,0.0,fast_lio2,0
1621218796.440630436,-35.57584015390789,26.55031907227323,0.2810374527882025,0.009659933265414115,0.011148589618021836,0.6755327917993732,0.7371823667468853,1.483623150183924,0.0,0.0,0.0,fast_lio2,0
1621218796.440630436,-35.57584015390789,26.55031907227323,0.2810374527882025,0.009659933265414115,0.011148589618021836,0.6755327917993732,0.7371823667468853,1.483623150183924,0.0,0.0,0.0,fast_lio2,0
1621218796.540843010,-36.32965186140204,26.632782695772097,0.28683026454120625,0.011059465260010747,0.012179726173568125,0.6768062628072932,0.7359773265008122,1.4871285049074725,0.0,0.0,0.0,fast_lio2,0
1621218796.540843010,-36.32965186140204,26.632782695772097,0.28683026454120625,0.011059465260010747,0.012179726173568125,0.6768062628072932,0.7359773265008122,1.4871285049074725,0.0,0.0,0.0,fast_lio2,0
1621218796.640881538,-37.08531933485505,26.718993370559996,0.30522295228302954,0.012464761623687166,0.013265388601683331,0.6781749602115911,0.7346750183073307,1.4909055975284122,0.0,0.0,0.0,fast_lio2,0
1621218796.640881538,-37.08531933485505,26.718993370559996,0.30522295228302954,0.012464761623687166,0.013265388601683331,0.6781749602115911,0.7346750183073307,1.4909055975284122,0.0,0.0,0.0,fast_lio2,0
1621218796.741084099,-37.85520669685965,26.798137724678842,0.31453156817725997,0.01339878172365672,0.013541080838951142,0.6798050457301936,0.7331454232127238,1.4953612248442447,0.0,0.0,0.0,fast_lio2,0
1621218796.741084099,-37.85520669685965,26.798137724678842,0.31453156817725997,0.01339878172365672,0.013541080838951142,0.6798050457301936,0.7331454232127238,1.4953612248442447,0.0,0.0,0.0,fast_lio2,0
1621218796.841162443,-38.64131087090218,26.881556173623085,0.31978655584897475,0.012821752831916867,0.012857650362174827,0.6818979502715522,0.7312219012699884,1.501039975792112,0.0,0.0,0.0,fast_lio2,0
1621218796.841162443,-38.64131087090218,26.881556173623085,0.31978655584897475,0.012821752831916867,0.012857650362174827,0.6818979502715522,0.7312219012699884,1.501039975792112,0.0,0.0,0.0,fast_lio2,0
1621218796.941559553,-39.43645549239187,26.966126652120156,0.3234797323859417,0.010818639924924787,0.011028149859837064,0.6837379264634775,0.7295641060634959,1.505989261708414,0.0,0.0,0.0,fast_lio2,0
1621218796.941559553,-39.43645549239187,26.966126652120156,0.3234797323859417,0.010818639924924787,0.011028149859837064,0.6837379264634775,0.7295641060634959,1.505989261708414,0.0,0.0,0.0,fast_lio2,0
