timestamp_s,x_m,y_m,z_m,qx,qy,qz,qw,active_source,state,blend_alpha,switch_count,lidar_ok,imu_ok,camera_ok,fast_livo2_healthy,lvisam_healthy,orbslam3_healthy
1723528220.6820433,1.0852218866348267,-0.12713195383548737,-0.022808270528912544,-0.009069030823705117,0.011068682406897786,0.050508602433496495,0.9986211083438548,lvisam,PRIMARY_LVISAM,1.0,1,True,True,True,,True,True
1723528220.8839364,1.2263236045837402,-0.14424817264080048,-0.023838281631469727,-0.009166073925564053,0.010966802374051614,0.053352684184866626,0.9984734365143368,lvisam,PRIMARY_LVISAM,1.0,1,True,True,True,,True,True
1723528221.0857654,1.3906878232955933,-0.16506944596767426,-0.03171262517571449,-0.00911430189252912,0.010810568797836912,0.05572185860398661,0.9983462002617111,lvisam,PRIMARY_LVISAM,1.0,1,True,True,True,,True,True
1723528221.2873702,1.5577113628387451,-0.18441420793533325,-0.033043719828128815,-0.009110715108878845,0.010754686033358227,0.057906970534421766,0.9982224773877086,lvisam,PRIMARY_LVISAM,1.0,1,True,True,True,,True,True
1723528221.4892945,1.7336485385894775,-0.19926437735557556,-0.03636009246110916,-0.008987732338465879,0.01078255329892613,0.06022938085814649,0.9980858574758047,lvisam,PRIMARY_LVISAM,1.0,1,True,True,True,,True,True
1723528221.691069,1.9191639423370361,-0.21102207899093628,-0.0443953312933445,-0.008804070267341816,0.010733668187842481,0.06240905613158213,0.997954100360696,lvisam,PRIMARY_LVISAM,1.0,1,True,True,True,,True,True
1723528221.8920772,2.127484083175659,-0.21863014996051788,-0.04978691413998604,-0.008958061432761079,0.010516579491415979,0.06446161651241333,0.9978245610766324,lvisam,PRIMARY_LVISAM,1.0,1,True,True,True,,True,True
1723528222.0937858,2.332212209701538,-0.24103789031505585,-0.052757374942302704,-0.008841127710752133,0.010384306342759777,0.06588413027873614,0.9977340737992245,lvisam,PRIMARY_LVISAM,1.0,1,True,True,True,,True,True
1723528222.2956777,2.5651190280914307,-0.2419644147157669,-0.06845861673355103,-0.00818010251479242,0.010067543682959243,0.06643562950554618,0.9977063884827244,lvisam,PRIMARY_LVISAM,1.0,1,True,True,True,,True,True
1723528222.4978886,2.8129048347473145,-0.24945493042469025,-0.07508126646280289,-0.008990648703637572,0.009817451046293923,0.06615070355992174,0.9977208378646648,lvisam,PRIMARY_LVISAM,1.0,1,True,True,True,,True,True
1723528222.6990762,3.073127269744873,-0.2754441499710083,-0.07893387228250504,-0.008929808241877129,0.00972811648508285,0.0655093849012182,0.9977645728147898,lvisam,PRIMARY_LVISAM,1.0,1,True,True,True,,True,True
1723528222.9011688,3.349853992462158,-0.2900437116622925,-0.08431200683116913,-0.008964576477399582,0.009777245170826938,0.0648500496587611,0.9978068515021866,lvisam,PRIMARY_LVISAM,1.0,1,True,True,True,,True,True
1723528223.102804,3.5949196815490723,-0.3305470645427704,-0.08101121336221695,-0.00941259212238052,0.009531694285405224,0.06411313156271566,0.9978527227375839,lvisam,PRIMARY_LVISAM,1.0,1,True,True,True,,True,True
1723528223.3041267,3.8466665744781494,-0.3495917320251465,-0.08321620523929596,-0.009127638408814646,0.009722556109086003,0.06372800874666856,0.9978781984896594,lvisam,PRIMARY_LVISAM,1.0,1,True,True,True,,True,True
1723528223.5062027,4.114158630371094,-0.37178099155426025,-0.09357324987649918,-0.00855990658113396,0.009305087823042697,0.06302550715949869,0.9979318257211841,lvisam,PRIMARY_LVISAM,1.0,1,True,True,True,,True,True
1723528223.707798,4.418273448944092,-0.373894602060318,-0.11154522746801376,-0.008355165591956194,0.008720944052839342,0.0626300030995051,0.9979637363424155,lvisam,PRIMARY_LVISAM,1.0,1,True,True,True,,True,True
1723528223.9096665,4.712540149688721,-0.40676555037498474,-0.10712406784296036,-0.009493723116482198,0.009589636317209587,0.06139989964480967,0.998022024015652,lvisam,PRIMARY_LVISAM,1.0,1,True,True,True,,True,True
1723528224.1113346,5.0446062088012695,-0.4406990110874176,-0.12703479826450348,-0.009319657518612126,0.00888365045443395,0.06085592678142507,0.9980635154707906,lvisam,PRIMARY_LVISAM,1.0,1,True,True,True,,True,True
1723528224.313096,5.383468151092529,-0.47391676902770996,-0.13320226967334747,-0.009325397698879034,0.008281079000480716,0.059908785164741206,0.9981259430294508,lvisam,PRIMARY_LVISAM,1.0,1,True,True,True,,True,True
1723528224.5150003,5.725550174713135,-0.5093398690223694,-0.14322017133235931,-0.009401663494407181,0.008339161344387561,0.05922877923606825,0.9981653263972934,lvisam,PRIMARY_LVISAM,1.0,1,True,True,True,,True,True
1723528224.7168612,6.061648368835449,-0.5385321974754333,-0.15026186406612396,-0.009162507117295028,0.007855602757163696,0.05870322233199053,0.9982025193599183,lvisam,PRIMARY_LVISAM,1.0,1,True,True,True,,True,True
1723528224.9183235,6.425195217132568,-0.5639195442199707,-0.1660638004541397,-0.008994711068275842,0.006934618003907845,0.05801915258937563,0.9982508623481119,lvisam,PRIMARY_LVISAM,1.0,1,True,True,True,,True,True
1723528225.1202328,6.794149398803711,-0.6016074419021606,-0.17013230919837952,-0.009850066703861134,0.006210620388123347,0.05834351371049441,0.99822865055469,lvisam,PRIMARY_LVISAM,1.0,1,True,True,True,,True,True
1723528225.3212004,7.167076587677002,-0.6494795680046082,-0.1775124967098236,-0.00967519891293201,0.006244006542488564,0.05836694687694532,0.9982287826047476,lvisam,PRIMARY_LVISAM,1.0,1,True,True,True,,True,True
1723528225.5234652,7.543332099914551,-0.6902954578399658,-0.1852411925792694,-0.009538253705315095,0.005907310129645178,0.059615911208708065,0.9981583384083113,lvisam,PRIMARY_LVISAM,1.0,1,True,True,True,,True,True
1723528225.7252207,7.926022052764893,-0.7263489365577698,-0.18735109269618988,-0.009604622814765432,0.005946763484547415,0.06154228414608823,0.9980405475163457,lvisam,PRIMARY_LVISAM,1.0,1,True,True,True,,True,True
1723528225.9266717,8.27054214477539,-0.7468228340148926,-0.19792453944683075,-0.009083565533743142,0.006527201247913205,0.0649934097578852,0.9978230009220609,lvisam,PRIMARY_LVISAM,1.0,1,True,True,True,,True,True
1723528226.1286287,8.611572265625,-0.7648517489433289,-0.20594249665737152,-0.009707096927837625,0.0051907691993411794,0.06838408216236339,0.9975983387572195,lvisam,PRIMARY_LVISAM,1.0,1,True,True,True,,True,True
1723528226.3305588,8.968667984008789,-0.790575385093689,-0.21269695460796356,-0.00940033507423713,0.004353873674707578,0.07182694939073996,0.9973633073387735,lvisam,PRIMARY_LVISAM,1.0,1,True,True,True,,True,True
1723528226.5316749,9.324801445007324,-0.8025991320610046,-0.21633993089199066,-0.009818166655260576,0.004518500390301466,0.07543542086299582,0.9970921141183372,lvisam,PRIMARY_LVISAM,1.0,1,True,True,True,,True,True
1723528226.7337203,9.68297290802002,-0.8181995749473572,-0.22595307230949402,-0.009509492856458059,0.004178775241220519,0.0785876725235323,0.9968530910372052,lvisam,PRIMARY_LVISAM,1.0,1,True,True,True,,True,True
1723528226.9354384,10.035517692565918,-0.8298950791358948,-0.22529472410678864,-0.009340240104018188,0.004066542056430849,0.08163344878975354,0.9966103567539288,lvisam,PRIMARY_LVISAM,1.0,1,True,True,True,,True,True
1723528227.1372037,10.392512321472168,-0.8540005683898926,-0.21974991261959076,-0.009686069313693695,0.004397720306809672,0.08443446337917668,0.996372250472294,lvisam,PRIMARY_LVISAM,1.0,1,True,True,True,,True,True
1723528227.3386729,10.72525691986084,-0.8742898106575012,-0.2360256463289261,-0.009717610638256177,0.0044731590080694964,0.08793448611579094,0.9960688154156436,lvisam,PRIMARY_LVISAM,1.0,1,True,True,True,,True,True
1723528227.5402641,11.06129264831543,-0.8799940943717957,-0.24773350358009338,-0.00902680971250468,0.003448299409907561,0.09122497300891985,0.9957834253677432,lvisam,PRIMARY_LVISAM,1.0,1,True,True,True,,True,True
1723528227.7425537,11.403934478759766,-0.8756827712059021,-0.2595141530036926,-0.00897620575016762,0.002660301492262747,0.09444248600085665,0.9954862969244123,lvisam,PRIMARY_LVISAM,1.0,1,True,True,True,,True,True
1723528227.9438868,11.75650405883789,-0.8783756494522095,-0.25868675112724304,-0.009308725493026674,0.0027507691857360074,0.09741642231965697,0.9951963733660913,lvisam,PRIMARY_LVISAM,1.0,1,True,True,True,,True,True
1723528228.1457646,12.110613822937012,-0.8779606223106384,-0.25633856654167175,-0.009786180175029413,0.0027038744835236788,0.10058334391757663,0.9948768319077079,lvisam,PRIMARY_LVISAM,1.0,1,True,True,True,,True,True
1723528228.3477333,12.461210250854492,-0.90086829662323,-0.25323763489723206,-0.00937196493978103,0.0024447103656289474,0.10359557221953627,0.9945723438146179,lvisam,PRIMARY_LVISAM,1.0,1,True,True,True,,True,True
1723528228.5492759,12.821688652038574,-0.8968629837036133,-0.25538870692253113,-0.009366793208596408,0.0021239205491193976,0.10647798380121991,0.9942686714928293,lvisam,PRIMARY_LVISAM,1.0,1,True,True,True,,True,True
1723528228.750771,13.203936576843262,-0.8859347701072693,-0.25797539949417114,-0.009276231356444621,0.002265514687629671,0.10922819317849543,0.9939708349795697,lvisam,PRIMARY_LVISAM,1.0,1,True,True,True,,True,True
1723528228.9527943,13.57110595703125,-0.8830490708351135,-0.2572198808193207,-0.009653139184122621,0.002170298354627719,0.1116057820382963,0.993703303871213,lvisam,PRIMARY_LVISAM,1.0,1,True,True,True,,True,True
1723528229.1544724,13.958843231201172,-0.8782061338424683,-0.25922179222106934,-0.009426130513162947,0.0021839763727521146,0.11431847078827097,0.9933970331883337,lvisam,PRIMARY_LVISAM,1.0,1,True,True,True,,True,True
1723528229.3562312,14.351425170898438,-0.8599842190742493,-0.26809942722320557,-0.009423909060494015,0.00238776341574942,0.1170624251375989,0.9930769744308817,lvisam,PRIMARY_LVISAM,1.0,1,True,True,True,,True,True
1723528229.55796,14.729222297668457,-0.8404144048690796,-0.2729179561138153,-0.009473964984536617,0.002256618546283962,0.11952805241972424,0.9927830560323619,lvisam,PRIMARY_LVISAM,1.0,1,True,True,True,,True,True
1723528229.7596455,15.12303638458252,-0.826915442943573,-0.2769356667995453,-0.009595401704171926,0.0022532967157334076,0.12197111471506422,0.9924847092500777,lvisam,PRIMARY_LVISAM,1.0,1,True,True,True,,True,True
1723528229.9611464,15.520469665527344,-0.8088589310646057,-0.28140729665756226,-0.009493153670609,0.002325596083047089,0.1245898217795879,0.9921601926832054,lvisam,PRIMARY_LVISAM,1.0,1,True,True,True,,True,True
1723528230.16263,15.905353546142578,-0.8174956440925598,-0.27385571599006653,-0.009629223383595613,0.0021264230336599573,0.12690163665413587,0.9918662868535317,lvisam,PRIMARY_LVISAM,1.0,1,True,True,True,,True,True
1723528230.3649154,16.29206085205078,-0.769295871257782,-0.29855984449386597,-0.009167855275501069,0.001804981419306132,0.12983547220339714,0.9914915242347987,lvisam,PRIMARY_LVISAM,1.0,1,True,True,True,,True,True
1723528230.566399,16.69314193725586,-0.7297912240028381,-0.30042794346809387,-0.009565648924810646,0.0013242876615936411,0.13137936457996333,0.9912851291053456,lvisam,PRIMARY_LVISAM,1.0,1,True,True,True,,True,True
1723528230.7680042,17.091405868530273,-0.7304028272628784,-0.30521926283836365,-0.009909373370843228,0.0009442556471167834,0.13264037156791403,0.9911142439350753,lvisam,PRIMARY_LVISAM,1.0,1,True,True,True,,True,True
1723528230.9693978,17.517189025878906,-0.7201896905899048,-0.3027186393737793,-0.009239356685113852,0.0010933741316413326,0.1342863540540071,0.9908988918834936,lvisam,PRIMARY_LVISAM,1.0,1,True,True,True,,True,True
1723528231.1718116,17.954051971435547,-0.6951782703399658,-0.3101962208747864,-0.009194039843405845,0.0004778301627604854,0.13583418604896377,0.9906888084611176,lvisam,PRIMARY_LVISAM,1.0,1,True,True,True,,True,True
1723528231.3727994,18.39113998413086,-0.6565843820571899,-0.3071066737174988,-0.0093717601237235,0.0010703690480063574,0.13781827173010988,0.9904126152264066,lvisam,PRIMARY_LVISAM,1.0,1,True,True,True,,True,True
1723528231.5748365,18.824642181396484,-0.6274014115333557,-0.3104972839355469,-0.00934446677226708,0.0008864090362597391,0.14063949412994606,0.9900163775971766,lvisam,PRIMARY_LVISAM,1.0,1,True,True,True,,True,True
1723528231.776999,19.261198043823242,-0.6009635925292969,-0.3224530518054962,-0.009210481106997738,0.0009954775248576064,0.14443938049921928,0.9894702832441594,lvisam,PRIMARY_LVISAM,1.0,1,True,True,True,,True,True
1723528231.9780726,19.688831329345703,-0.5996341109275818,-0.31418293714523315,-0.00895192815329264,0.00021257735129792929,0.150277685298054,0.9886032748755524,lvisam,PRIMARY_LVISAM,1.0,1,True,True,True,,True,True
1723528232.1801963,20.10251808166504,-0.5595377087593079,-0.3145698308944702,-0.008742132555744969,-0.00030204255577819206,0.1584628724930496,0.9873261882123475,lvisam,PRIMARY_LVISAM,1.0,1,True,True,True,,True,True
1723528232.3818188,20.525535583496094,-0.5093252658843994,-0.30134886503219604,-0.008548687592027766,-0.00015931301765637965,0.16815866477879884,0.9857228606558883,lvisam,PRIMARY_LVISAM,1.0,1,True,True,True,,True,True
1723528232.5835733,20.955062866210938,-0.4115999639034271,-0.29715606570243835,-0.008859978883684677,0.0017853882230998647,0.17952681788808061,0.9837115607849963,lvisam,PRIMARY_LVISAM,1.0,1,True,True,True,,True,True
1723528232.7855873,21.371389389038086,-0.3367779850959778,-0.29599493741989136,-0.009138784535125876,0.002707811262143021,0.19046953838539168,0.9816468332973142,lvisam,PRIMARY_LVISAM,1.0,1,True,True,True,,True,True
1723528232.987306,21.76176643371582,-0.20150843262672424,-0.40271490812301636,0.00068026401291805,0.011922590494892136,0.20325437387801615,0.9790531387908521,lvisam,PRIMARY_LVISAM,1.0,1,True,True,True,,True,True
1723528233.1889148,22.17728614807129,-0.11527824401855469,-0.3837279975414276,-0.0005469420208906323,0.013589549033215157,0.21824410160009805,0.9757994348882693,lvisam,PRIMARY_LVISAM,1.0,1,True,True,True,,True,True
1723528233.390222,22.579301834106445,-0.018914075568318367,-0.39057978987693787,0.0013622283947348928,0.01479323316471391,0.23533173591066328,0.97180156341694,lvisam,PRIMARY_LVISAM,1.0,1,True,True,True,,True,True
1723528233.5922499,22.962512969970703,0.12759070098400116,-0.41385480761528015,0.00014972602256978023,0.016313080909433897,0.2529468222503048,0.9673426311741011,lvisam,PRIMARY_LVISAM,1.0,1,True,True,True,,True,True
1723528233.7940724,23.346874237060547,0.291647344827652,-0.43399906158447266,-3.471754808741325e-05,0.015777973048081883,0.2702905596601448,0.9626495040874387,lvisam,PRIMARY_LVISAM,1.0,1,True,True,True,,True,True
1723528233.9957976,23.724634170532227,0.46767765283584595,-0.461637407541275,0.00024347566836730998,0.015306193835649205,0.2880917262839231,0.9574804532712998,lvisam,PRIMARY_LVISAM,1.0,1,True,True,True,,True,True
1723528234.1969275,24.101289749145508,0.642666757106781,-0.48113250732421875,0.0013577973208463976,0.014236394971874941,0.3058692475645555,0.9519661153838055,lvisam,PRIMARY_LVISAM,1.0,1,True,True,True,,True,True
1723528234.3987472,24.45937728881836,0.8365453481674194,-0.5058704614639282,0.001770596311023299,0.012764652603758352,0.32461225510172065,0.9457593840244908,lvisam,PRIMARY_LVISAM,1.0,1,True,True,True,,True,True
1723528234.600218,24.82463836669922,1.063133955001831,-0.5307006239891052,0.002386345577714513,0.012115478215730892,0.3428430673253447,0.9393115307124347,lvisam,PRIMARY_LVISAM,1.0,1,True,True,True,,True,True
1723528234.802438,25.19260025024414,1.3065295219421387,-0.5467310547828674,0.0028625495273791987,0.011904542196379687,0.36072775776070476,0.9325907851068614,lvisam,PRIMARY_LVISAM,1.0,1,True,True,True,,True,True
1723528235.0044224,25.566221237182617,1.5516332387924194,-0.5447319746017456,0.001924334335493765,0.012256496197268986,0.37944334173083827,0.9251317882628755,lvisam,PRIMARY_LVISAM,1.0,1,True,True,True,,True,True
1723528235.206069,25.93104362487793,1.816292643547058,-0.5639269948005676,0.003358953748208227,0.012636938199368147,0.39721613283268725,0.9176319354948953,lvisam,PRIMARY_LVISAM,1.0,1,True,True,True,,True,True
1723528235.4079065,26.276123046875,2.102405071258545,-0.5906853675842285,0.0032114790220229565,0.012448645334315212,0.41503875874567814,0.9097128922746331,lvisam,PRIMARY_LVISAM,1.0,1,True,True,True,,True,True
1723528235.6091166,26.60753631591797,2.3958795070648193,-0.5931907892227173,0.0024757740989911057,0.011351338420290855,0.4318204025567146,0.9018847806646012,lvisam,PRIMARY_LVISAM,1.0,1,True,True,True,,True,True
1723528235.8113105,26.94561767578125,2.704587697982788,-0.6037523746490479,0.00360277552022159,0.011010645402398623,0.4479973612895751,0.8939598145185003,lvisam,PRIMARY_LVISAM,1.0,1,True,True,True,,True,True
1723528236.0126646,27.256629943847656,3.0303118228912354,-0.6396897435188293,0.00398735059913308,0.01015674125579098,0.4643976607242479,0.8855595713198006,lvisam,PRIMARY_LVISAM,1.0,1,True,True,True,,True,True
1723528236.2145486,27.579063415527344,3.356316089630127,-0.6442797780036926,0.004900741402645099,0.009426185906281888,0.48004134142398697,0.8771815321111268,lvisam,PRIMARY_LVISAM,1.0,1,True,True,True,,True,True
1723528236.4165688,27.88640594482422,3.718618869781494,-0.6538958549499512,0.004632328940399839,0.010228497491420126,0.49642075806778785,0.8680094183400655,lvisam,PRIMARY_LVISAM,1.0,1,True,True,True,,True,True
1723528236.6182227,28.1835994720459,4.0972185134887695,-0.6749444603919983,0.0034733764866205397,0.010930272219685969,0.5120787346536341,0.8588619413622417,lvisam,PRIMARY_LVISAM,1.0,1,True,True,True,,True,True
1723528236.8196316,28.47049903869629,4.465925693511963,-0.6980947852134705,0.002530775198479496,0.012219769816953578,0.5267918575537877,0.8499027069127062,lvisam,PRIMARY_LVISAM,1.0,1,True,True,True,,True,True
1723528237.0213518,28.737146377563477,4.834948539733887,-0.706269383430481,0.0021809293705297196,0.013041040178312624,0.5389354035978835,0.8422433173180627,lvisam,PRIMARY_LVISAM,1.0,1,True,True,True,,True,True
1723528237.2233534,28.996910095214844,5.2015557289123535,-0.7307600378990173,0.0023927633113671946,0.013438746230172115,0.5481556761398865,0.8362649278184042,lvisam,PRIMARY_LVISAM,1.0,1,True,True,True,,True,True
1723528237.4249961,29.24498748779297,5.573974609375,-0.7319520711898804,0.002000003820145483,0.013220282217693596,0.5560682930420207,0.8310290473841077,lvisam,PRIMARY_LVISAM,1.0,1,True,True,True,,True,True
1723528237.6267748,29.477724075317383,5.952568531036377,-0.753612220287323,0.0024912694279852323,0.011771779739844269,0.56383993668898,0.8257964304675582,lvisam,PRIMARY_LVISAM,1.0,1,True,True,True,,True,True
1723528237.8284955,29.71577262878418,6.335235118865967,-0.7566271424293518,0.0021646690483414625,0.011465602092063763,0.5700590936731513,0.821520835948257,lvisam,PRIMARY_LVISAM,1.0,1,True,True,True,,True,True
1723528238.0300865,29.934551239013672,6.729955196380615,-0.7815514802932739,0.0007243133580261907,0.01031613873178503,0.5749534279564238,0.818120778573056,lvisam,PRIMARY_LVISAM,1.0,1,True,True,True,,True,True
1723528238.2318177,30.187925338745117,7.1137261390686035,-0.7835065126419067,-0.0020958648955625822,0.010452478920767139,0.5754226291488197,0.8177867392530955,lvisam,PRIMARY_LVISAM,1.0,1,True,True,True,,True,True
1723528238.4332075,30.447824478149414,7.498208045959473,-0.8152258396148682,0.001062135726183607,0.011180279826646801,0.5744394592823118,0.8184700243931614,lvisam,PRIMARY_LVISAM,1.0,1,True,True,True,,True,True
1723528238.6353498,30.699018478393555,7.895023822784424,-0.8193573951721191,0.0014652387799500553,0.01174019699318432,0.5741382223767578,0.818672903213448,lvisam,PRIMARY_LVISAM,1.0,1,True,True,True,,True,True
1723528238.8365293,30.93390464782715,8.286328315734863,-0.8400135040283203,-0.0002473492606176649,0.012184145350572355,0.573727260437327,0.8189557473096449,lvisam,PRIMARY_LVISAM,1.0,1,True,True,True,,True,True
1723528239.0384836,31.17014503479004,8.66598129272461,-0.8517638444900513,-0.0053671510476158675,0.011273096838898702,0.5740835070122565,0.8187015560958715,lvisam,PRIMARY_LVISAM,1.0,1,True,True,True,,True,True
1723528239.2399104,31.427898406982422,9.046063423156738,-0.8625853061676025,-0.004788438666047013,0.011350525879907616,0.5746604695372259,0.8182992002737423,lvisam,PRIMARY_LVISAM,1.0,1,True,True,True,,True,True
1723528239.4415452,31.67977523803711,9.439663887023926,-0.8660885691642761,0.0006777141728065612,0.010584208784490531,0.574711263375812,0.818287528303398,lvisam,PRIMARY_LVISAM,1.0,1,True,True,True,,True,True
1723528239.6433997,31.918781280517578,9.822635650634766,-0.8869024515151978,0.0029734305964184858,0.009609314235283752,0.5757165447723848,0.817587475360137,lvisam,PRIMARY_LVISAM,1.0,1,True,True,True,,True,True
1723528239.8453193,32.144039154052734,10.199601173400879,-0.9062986373901367,0.0012401430955179522,0.010267295162318094,0.5765056952263433,0.8170276788865498,lvisam,PRIMARY_LVISAM,1.0,1,True,True,True,,True,True
1723528240.0469537,32.38510513305664,10.581427574157715,-0.9145955443382263,-0.0025928415244932746,0.00987339530014533,0.5771251493695913,0.816591914730487,lvisam,PRIMARY_LVISAM,1.0,1,True,True,True,,True,True
1723528240.248712,32.615211486816406,10.968761444091797,-0.9278455972671509,-0.004250537933933553,0.010315545041754371,0.5783256175961026,0.8157297361809549,lvisam,PRIMARY_LVISAM,1.0,1,True,True,True,,True,True
1723528240.450725,32.85945129394531,11.353535652160645,-0.9319446086883545,-0.0034754514949237665,0.011860356738310875,0.5801209316924769,0.8144365891751174,lvisam,PRIMARY_LVISAM,1.0,1,True,True,True,,True,True
1723528240.652419,33.08222579956055,11.735570907592773,-0.9384644031524658,-0.0008444721789302494,0.015495798324074831,0.581476380856925,0.8134152602493827,lvisam,PRIMARY_LVISAM,1.0,1,True,True,True,,True,True
1723528240.8540268,33.31403732299805,12.127833366394043,-0.9612254500389099,-0.0024082490479460307,0.01195889285066476,0.5843330090503899,0.8114222820162301,lvisam,PRIMARY_LVISAM,1.0,1,True,True,True,,True,True
1723528241.0557792,33.54246520996094,12.494333267211914,-0.9687058925628662,-0.0016705634905088659,0.01143005959002782,0.5859924085055797,0.8102342007896375,lvisam,PRIMARY_LVISAM,1.0,1,True,True,True,,True,True
1723528241.2574732,33.75548553466797,12.875604629516602,-0.9849687814712524,-0.0014818102822835365,0.01120330410406977,0.5887401779465735,0.8082433377930659,lvisam,PRIMARY_LVISAM,1.0,1,True,True,True,,True,True
1723528241.458734,33.955142974853516,13.267207145690918,-0.9990795850753784,-0.002577293640682049,0.00832859617778909,0.5908585763115821,0.8067280426774858,lvisam,PRIMARY_LVISAM,1.0,1,True,True,True,,True,True
1723528241.6610656,34.182979583740234,13.641337394714355,-1.0083552598953247,-0.0014937510614455324,0.00953249294679775,0.5930854783815929,0.8050816825756645,lvisam,PRIMARY_LVISAM,1.0,1,True,True,True,,True,True
1723528241.8626323,34.406490325927734,14.03508186340332,-1.0207030773162842,-0.0017158543206008184,0.01013960819568784,0.5957521131799745,0.8031025238605488,lvisam,PRIMARY_LVISAM,1.0,1,True,True,True,,True,True
1723528242.0646167,34.627296447753906,14.420472145080566,-1.0290062427520752,0.00028717115790999044,0.010036921617095114,0.5985017986316968,0.8010585339235843,lvisam,PRIMARY_LVISAM,1.0,1,True,True,True,,True,True
1723528242.2662282,34.82349395751953,14.818413734436035,-1.0395721197128296,-0.0011015737455926885,0.010352155773959185,0.6007708582120054,0.7993534858429813,lvisam,PRIMARY_LVISAM,1.0,1,True,True,True,,True,True
1723528242.4674056,35.02058792114258,15.21023178100586,-1.0579982995986938,-0.0024281162718143598,0.010671562537437465,0.6024937480868738,0.7980485608787292,lvisam,PRIMARY_LVISAM,1.0,1,True,True,True,,True,True
1723528242.6690726,35.222999572753906,15.604928016662598,-1.0731847286224365,-0.0026550260152923776,0.013908173547095552,0.6061857320350502,0.7951970647723572,lvisam,PRIMARY_LVISAM,1.0,1,True,True,True,,True,True
1723528242.871285,35.43598556518555,16.000831604003906,-1.088201880455017,-0.0016344115132039725,0.013765616832956873,0.6108559005189499,0.7916204300631691,lvisam,PRIMARY_LVISAM,1.0,1,True,True,True,,True,True
1723528243.0729804,35.61515426635742,16.409875869750977,-1.0930888652801514,-0.0029002544243666396,0.013614143003257403,0.6165327675686708,0.7872061929054396,lvisam,PRIMARY_LVISAM,1.0,1,True,True,True,,True,True
1723528243.274672,35.80240249633789,16.818220138549805,-1.1233285665512085,-0.0031741790161714475,0.015231682795766206,0.6221780019383021,0.7827211855640837,lvisam,PRIMARY_LVISAM,1.0,1,True,True,True,,True,True
1723528243.4763398,35.97184753417969,17.227638244628906,-1.1345973014831543,-0.004145208902776109,0.01490264982964714,0.6289816539568723,0.7772662396224891,lvisam,PRIMARY_LVISAM,1.0,1,True,True,True,,True,True
1723528243.6778183,36.14754867553711,17.648813247680664,-1.1581361293792725,-0.0035621730198217402,0.014007466027974877,0.6351600248845006,0.7722453266984349,lvisam,PRIMARY_LVISAM,1.0,1,True,True,True,,True,True
1723528243.879552,36.327308654785156,18.075998306274414,-1.1773087978363037,-0.004108084428880574,0.018953115220686288,0.6421870784299726,0.766302589949514,lvisam,PRIMARY_LVISAM,1.0,1,True,True,True,,True,True
1723528244.0812347,36.48676300048828,18.49555015563965,-1.1989914178848267,-0.005198563326639121,0.019865339895670187,0.6510220382138531,0.7587810283408837,lvisam,PRIMARY_LVISAM,1.0,1,True,True,True,,True,True
1723528244.2832568,36.64036178588867,18.949668884277344,-1.2178981304168701,-0.0035687449759834026,0.021397332133101774,0.6620025589159585,0.7491875801330432,lvisam,PRIMARY_LVISAM,1.0,1,True,True,True,,True,True
1723528244.4851007,36.76681137084961,19.402063369750977,-1.2305681705474854,-0.005190521451680695,0.023606129463741323,0.6742239694334283,0.7381313217715615,lvisam,PRIMARY_LVISAM,1.0,1,True,True,True,,True,True
1723528244.68649,36.88910675048828,19.851682662963867,-1.2597864866256714,-0.005176121753489974,0.023588345552124447,0.6881421408986763,0.725173904409896,lvisam,PRIMARY_LVISAM,1.0,1,True,True,True,,True,True
1723528244.8887005,36.974491119384766,20.299165725708008,-1.2822933197021484,0.0027200166608139786,0.026443347517006194,0.7032627487572174,0.710432865999246,lvisam,PRIMARY_LVISAM,1.0,1,True,True,True,,True,True
1723528245.0903707,37.03555679321289,20.752458572387695,-1.2949329614639282,0.00505341747478756,0.025358116790000128,0.7199759985608,0.6935171161413893,lvisam,PRIMARY_LVISAM,1.0,1,True,True,True,,True,True
1723528245.2921233,37.07567596435547,21.209875106811523,-1.3227578401565552,0.005649727527926761,0.023287645068668504,0.7381210318034478,0.6742426184804914,lvisam,PRIMARY_LVISAM,1.0,1,True,True,True,,True,True
1723528247.841273,37.07567596435547,21.209875106811523,-1.3227578401565552,0.0056497275279267616,0.023287645068668497,0.7381210318034477,0.6742426184804915,orbslam3,BACKUP_ORB_SLAM3,0.0,2,True,True,True,,False,True
1723528247.974604,37.077648160746584,21.24349278735209,-1.320623291576084,0.005614171302446221,0.023262094808550893,0.7399139713724803,0.6722757402982124,orbslam3,BACKUP_ORB_SLAM3,0.1293,2,True,True,True,,False,True
1723528248.1079333,37.07399883449975,21.33852023617177,-1.316432171887723,0.005416321144086249,0.022960712760870045,0.744883111458887,0.666777788620845,orbslam3,BACKUP_ORB_SLAM3,0.2618,2,True,True,True,,False,True
1723528248.2413106,37.06184224711924,21.498058091639486,-1.3087360580188836,0.0057737344167290774,0.023227848203115506,0.7530385213610025,0.6575409617698149,orbslam3,BACKUP_ORB_SLAM3,0.3992,2,True,True,True,,False,True
1723528248.3747048,37.03632060417067,21.74266628921865,-1.3033934637260713,0.0055897614517804355,0.022705970937799205,0.7648129731863966,0.643827857036699,orbslam3,BACKUP_ORB_SLAM3,0.5607,2,True,True,True,,False,True
1723528248.5414493,37.00679264951751,21.959304043070873,-1.2960888177467236,0.004600518134910831,0.022032651571730465,0.7736559288212298,0.6332060496373747,orbslam3,BACKUP_ORB_SLAM3,0.601,2,True,True,True,,False,True
1723528248.674845,36.94689032012224,22.33361546191327,-1.2820981921263443,0.0033881100626426547,0.020945285227758608,0.7897686716442494,0.613037732139066,orbslam3,BACKUP_ORB_SLAM3,0.7664,2,False,True,True,,False,True
1723528248.8082418,36.87338383770458,22.683958552512536,-1.2745642396156924,0.0022116683951195685,0.01940278015414259,0.8027897192265036,0.5959423691511049,orbslam3,BACKUP_ORB_SLAM3,0.867,2,False,True,True,,False,True
1723528248.9749882,36.77114366564037,23.17723529286755,-1.2558837010269452,0.001448323147981894,0.019015881575976286,0.821869159673466,0.5693569908111944,orbslam3,BACKUP_ORB_SLAM3,1.0,2,False,True,True,,False,True
1723528249.1417367,36.69576354724506,23.448458824276052,-1.2436164896236241,0.002721169641537049,0.018348886470309293,0.8314619407072562,0.5552719646771345,orbslam3,BACKUP_ORB_SLAM3,1.0,2,False,True,True,,False,True
1723528249.3084931,36.60168859459727,23.707211172466657,-1.2366885088467505,0.002832584219483967,0.01686990887592144,0.8411314279740829,0.5405601756654276,orbslam3,BACKUP_ORB_SLAM3,1.0,2,False,True,True,,False,True
1723528249.4418988,36.53233624486542,23.920171708808358,-1.227719824324867,0.003098192524638605,0.01705720473473515,0.8483915442679885,0.5290852866828706,orbslam3,BACKUP_ORB_SLAM3,1.0,2,False,True,True,,False,True
1723528249.575305,36.443717574340596,24.13439184541234,-1.2193673043914637,0.0030473618787357436,0.01617067940224912,0.8555375154870202,0.5174792578524735,orbslam3,BACKUP_ORB_SLAM3,1.0,2,False,True,True,,False,True
1723528249.7087116,36.34530976850136,24.338965699855457,-1.20924459014853,0.001896716633591669,0.014688842439651276,0.8623571526213865,0.5060837694458595,orbslam3,BACKUP_ORB_SLAM3,1.0,2,False,True,True,,False,True
1723528249.8754706,36.22498013486914,24.595322150902938,-1.2031750613367334,0.0012191079185073536,0.012560645975229512,0.870085706229029,0.49273888395832943,orbslam3,BACKUP_ORB_SLAM3,1.0,2,False,True,True,,False,True
1723528250.0088778,36.121891159548206,24.819382087296667,-1.1907726342294853,0.0011001404189258737,0.011512357591770094,0.875974622199012,0.4822185361192951,orbslam3,BACKUP_ORB_SLAM3,1.0,2,False,True,True,,False,True
1723528250.17562,35.989818399430575,25.077728273242712,-1.1754460346297275,5.161429860235429e-05,0.010351828078608974,0.8818637776608271,0.47139061789684633,orbslam3,BACKUP_ORB_SLAM3,1.0,2,False,True,True,,False,True
1723528250.3422952,35.86204330379744,25.363457066842336,-1.1631815609059744,-0.0004464235277635506,0.009199233058138141,0.8870061249044761,0.4616657981691098,orbslam3,BACKUP_ORB_SLAM3,1.0,2,False,True,True,,False,True
1723528250.4756334,35.75400998069839,25.56609532450554,-1.1575515225556336,-0.00017367142709431363,0.00917264144332529,0.8900322468279758,0.455805256763821,orbslam3,BACKUP_ORB_SLAM3,1.0,2,False,True,True,,False,True
1723528250.642303,35.59767962881787,25.858815516061252,-1.143754383706146,-0.001089218007421952,0.008567073873314072,0.8928409890499815,0.45028922607767596,orbslam3,BACKUP_ORB_SLAM3,1.0,2,False,True,True,,False,True
1723528250.8089714,35.446874114757904,26.146908671034915,-1.1394417364715816,-0.002502088573412348,0.007693548208071374,0.894500658744231,0.44699342318973506,orbslam3,BACKUP_ORB_SLAM3,1.0,2,False,True,True,,False,True
1723528250.9756358,35.30370576535893,26.429197277866844,-1.1276100283320312,-0.0015232221145280757,0.007914025963356998,0.8960756106617849,0.4438282865755074,orbslam3,BACKUP_ORB_SLAM3,1.0,2,False,True,True,,False,True
1723528251.1422994,35.158073139240976,26.71332474590081,-1.1149369599779657,-0.001469954188777022,0.008684048609462923,0.897525241817524,0.4408751147828902,orbslam3,BACKUP_ORB_SLAM3,1.0,2,False,True,True,,False,True
1723528251.2756658,35.03388506126831,26.95455183553219,-1.1097794140905086,-0.0027672717057630825,0.00919172313537862,0.8987645281956939,0.4383265646641563,orbslam3,BACKUP_ORB_SLAM3,1.0,2,False,True,True,,False,True
1723528251.442372,34.88659862195103,27.2320465498635,-1.0952397531854983,-0.003901601204631197,0.009179491349374208,0.9000579805110763,0.4356559952128855,orbslam3,BACKUP_ORB_SLAM3,1.0,2,False,True,True,,False,True
1723528251.575737,34.75673170521845,27.483836981432805,-1.083476633681404,-0.00481503267099419,0.008743316423892216,0.9009418376539339,0.43382505119349857,orbslam3,BACKUP_ORB_SLAM3,1.0,2,False,True,True,,False,True
1723528251.7091007,34.63380911758959,27.72068101046853,-1.0785381968441534,-0.005093299542558196,0.007942251639723773,0.9014102550691072,0.4328631781462918,orbslam3,BACKUP_ORB_SLAM3,1.0,2,False,True,True,,False,True
1723528251.875805,34.47636527386368,28.010193450328984,-1.0643874386201042,-0.005704608940417929,0.007412035598931088,0.9018027366484767,0.43204669115552213,orbslam3,BACKUP_ORB_SLAM3,1.0,2,False,True,True,,False,True
1723528252.0091667,34.33851416837189,28.282054415538763,-1.0495665451198883,-0.006869396098635705,0.008627529360307636,0.9021666834782324,0.4312466259071069,orbslam3,BACKUP_ORB_SLAM3,1.0,2,False,True,True,,False,True
1723528252.1758714,34.18582050748997,28.57934601859055,-1.0383144994648155,-0.006877215952045508,0.00841336785449317,0.9022866839847303,0.4309996044614579,orbslam3,BACKUP_ORB_SLAM3,1.0,2,False,True,True,,False,True
1723528252.3425913,33.99276803915378,28.949728697064963,-1.0225382464608042,-0.007027297324269613,0.008003796422125673,0.9027528938110806,0.43002763754306467,orbslam3,BACKUP_ORB_SLAM3,1.0,2,False,True,True,,False,True
1723528252.509309,33.826391994230306,29.258519389166086,-1.0145482161961434,-0.00735598503765049,0.008179776243636895,0.9029730956142887,0.4295562470055332,orbslam3,BACKUP_ORB_SLAM3,1.0,2,False,True,True,,False,True
1723528252.6760268,33.641483406459336,29.61855224432779,-1.0068932406670208,-0.00836868300810338,0.006926918697897974,0.9037400933950982,0.42794371888401633,orbslam3,BACKUP_ORB_SLAM3,1.0,2,False,True,True,,False,True
1723528252.8093998,33.50808480354942,29.875469924450982,-0.9939982439729138,-0.008650770246990522,0.007317674495116493,0.9041226663850491,0.4271227223444179,orbslam3,BACKUP_ORB_SLAM3,1.0,2,False,True,True,,False,True
1723528252.9761145,33.31673631573037,30.21229976854915,-0.9864648528232358,-0.009348126371713339,0.006788904184854936,0.9048784440313525,0.4255132487252375,orbslam3,BACKUP_ORB_SLAM3,1.0,2,False,True,True,,False,True
1723528253.1428294,33.14374332843031,30.530635100812123,-0.9703468612637987,-0.00940935265132963,0.007081359115656224,0.9053904434684082,0.42441661526363134,orbslam3,BACKUP_ORB_SLAM3,1.0,2,False,True,True,,False,True
1723528253.2761905,32.984477502298894,30.817367208915037,-0.9673186287246107,-0.009430892726037119,0.006310396272990428,0.9060500398203364,0.42301839499345006,orbslam3,BACKUP_ORB_SLAM3,1.0,2,False,True,True,,False,True
1723528253.4095507,32.842015714898416,31.064484536682336,-0.9593795673987704,-0.00888259397020734,0.005974967284706399,0.9067057300883922,0.421627938252653,orbslam3,BACKUP_ORB_SLAM3,1.0,2,False,True,True,,False,True
1723528253.54291,32.69925316872973,31.322882500490888,-0.9471370452849257,-0.008694593764375511,0.0056202072874117085,0.9075391608369787,0.41983983714820555,orbslam3,BACKUP_ORB_SLAM3,1.0,2,False,True,True,,False,True
1723528253.6762686,32.51993077190351,31.628126820438975,-0.9393201270450056,-0.008510181821294304,0.005001085834140011,0.9087599539349774,0.41720248329791326,orbslam3,BACKUP_ORB_SLAM3,1.0,2,False,True,True,,False,True
1723528253.8096263,32.37185573697665,31.881445645002085,-0.9328707171508697,-0.008736176094421445,0.004736461127507387,0.9095476819833802,0.41548075690926384,orbslam3,BACKUP_ORB_SLAM3,1.0,2,False,True,True,,False,True
1723528253.9429832,32.21691973423897,32.154641151463544,-0.9225925169937728,-0.009104099502386076,0.004230762309474434,0.9104595147440758,0.41347634519342646,orbslam3,BACKUP_ORB_SLAM3,1.0,2,False,True,True,,False,True
1723528254.1096778,32.00703305871444,32.50882409970828,-0.9113503521532236,-0.009331097791697244,0.004849052073117504,0.9117986649003604,0.41050287696179916,orbslam3,BACKUP_ORB_SLAM3,1.0,2,False,True,True,,False,True
1723528254.2430866,31.82165926258274,32.80820832230296,-0.8941274422696575,-0.009221897656165268,0.0042289306354414925,0.9128102715631224,0.40825786076713616,orbslam3,BACKUP_ORB_SLAM3,1.0,2,False,True,True,,False,True
1723528254.4098706,31.627547703532528,33.13541274817076,-0.8788308236257827,-0.009471034283690827,0.004843686374719528,0.9139491402605372,0.4056892988839185,orbslam3,BACKUP_ORB_SLAM3,1.0,2,False,True,True,,False,True
1723528254.5766544,31.426245749010945,33.462745372080924,-0.8695589589086148,-0.009039781072018364,0.004433196862716468,0.9149391948873815,0.40346610611373096,orbslam3,BACKUP_ORB_SLAM3,1.0,2,False,True,True,,False,True
1723528254.7434402,31.217707926364035,33.75260574906061,-0.8587406277583252,-0.0085021469984674,0.0028696065736952578,0.9158406532661103,0.4014416230034362,orbslam3,BACKUP_ORB_SLAM3,1.0,2,False,True,True,,False,True
1723528254.8768687,31.043102583800795,34.022546927731646,-0.8516075735045323,-0.009197976436004028,0.002771803386565461,0.9167461151278468,0.39935482310029713,orbslam3,BACKUP_ORB_SLAM3,1.0,2,False,True,True,,False,True
1723528255.0102978,30.866237351013076,34.287674124510026,-0.8388383752080113,-0.00983042529821062,0.0033281652615309476,0.9174107214564722,0.3978063023773797,orbslam3,BACKUP_ORB_SLAM3,1.0,2,False,True,True,,False,True
1723528255.143727,30.689126330753524,34.61243971021219,-0.8336911763773132,-0.00986123681790491,0.004228425449463823,0.9185696826109504,0.3951134199374371,orbslam3,BACKUP_ORB_SLAM3,1.0,2,False,True,True,,False,True
1723528255.27711,30.512732082106787,34.88350023790463,-0.8277136917183714,-0.010301057725094445,0.004414507639373194,0.9192773603167443,0.393450803965534,orbslam3,BACKUP_ORB_SLAM3,1.0,2,False,True,True,,False,True
1723528255.410495,30.333340097518217,35.15830176579568,-0.8136848498165246,-0.01082128231590052,0.00478705767262021,0.9198112720462067,0.39218262040102897,orbslam3,BACKUP_ORB_SLAM3,1.0,2,False,True,True,,False,True
1723528255.5438795,30.124671389235246,35.46458551465592,-0.7976341709977237,-0.012033866581447927,0.005865468941036962,0.9208160365503105,0.3897673782668055,orbslam3,BACKUP_ORB_SLAM3,1.0,2,False,True,True,,False,True
1723528255.6772637,29.94443688569374,35.7352165060537,-0.7951333121438564,-0.0118471450296658,0.004752140691358173,0.9214296821571917,0.3883354260857391,orbslam3,BACKUP_ORB_SLAM3,1.0,2,False,True,True,,False,True
1723528255.8773394,29.650798489809354,36.15968714092834,-0.7759835623858382,-0.011975742533736435,0.005085203654426419,0.9223480344426214,0.3861409401428337,orbslam3,BACKUP_ORB_SLAM3,1.0,2,False,True,True,,False,True
1723528256.0774148,29.357696266065332,36.57393912699856,-0.7529158685235424,-0.01223544093523257,0.005504560060851063,0.9231212847515736,0.3842747551456657,orbslam3,BACKUP_ORB_SLAM3,1.0,2,False,True,True,,False,True
1723528256.2107944,29.15885383205476,36.86045481943695,-0.7494946645795866,-0.012842121922022628,0.004665485409319216,0.9237030145630671,0.3828655822054752,orbslam3,BACKUP_ORB_SLAM3,1.0,2,False,True,True,,False,True
1723528256.377507,28.891323147013615,37.21172129231995,-0.7440502201951389,-0.01383510175594358,0.004058081943929986,0.9240498943041487,0.3819998884382437,orbslam3,BACKUP_ORB_SLAM3,1.0,2,False,True,True,,False,True
1723528256.5442202,28.640330669849526,37.6060292936852,-0.7126080415753062,-0.014291831581309929,0.003456785289780378,0.9243227274520469,0.38132832271039224,orbslam3,BACKUP_ORB_SLAM3,1.0,2,False,True,True,,False,True
1723528256.67759,28.458619401195726,37.89767184703597,-0.7027631851913794,-0.014806307740937533,0.0033651370589476317,0.9241881593867375,0.38163555278958133,orbslam3,BACKUP_ORB_SLAM3,1.0,2,False,True,True,,False,True
1723528256.8443017,28.211511157464976,38.26743895458202,-0.6964340115808938,-0.015624083124654737,0.0036908474047110183,0.9236090966222448,0.38299935027175974,orbslam3,BACKUP_ORB_SLAM3,1.0,2,False,True,True,,False,True
1723528257.0110135,27.9358190535103,38.74758008942334,-0.6934635897527732,-0.016014395380399657,0.003972005226446537,0.9235807215265359,0.3830488391048913,orbslam3,BACKUP_ORB_SLAM3,1.0,2,False,True,True,,False,True
1723528257.1443827,27.740218767617684,39.05384010685186,-0.6865839731793701,-0.016917691521637242,0.004871185695951674,0.9231156374333136,0.3841192304344859,orbslam3,BACKUP_ORB_SLAM3,1.0,2,False,True,True,,False,True
1723528257.2777421,27.54528150498618,39.35588506799987,-0.6792705175921501,-0.017753216470493584,0.005003653869842596,0.9226621465289603,0.38516795052999137,orbslam3,BACKUP_ORB_SLAM3,1.0,2,False,True,True,,False,True
1723528257.4110973,27.269246506140014,39.75303647717956,-0.6689938514357476,-0.01775925624289113,0.004412070802671068,0.9225586749234556,0.3854226689913417,orbslam3,BACKUP_ORB_SLAM3,1.0,2,False,True,True,,False,True
1723528257.5777898,27.003176277081366,40.17107627186896,-0.6596433987718016,-0.018206926605857546,0.004274924479778578,0.9220553959939436,0.38660584522574526,orbslam3,BACKUP_ORB_SLAM3,1.0,2,False,True,True,,False,True
1723528257.744482,26.740997066786484,40.57322781655771,-0.6528437785405499,-0.016614476202401512,0.004152080344763996,0.9214636883143593,0.3880868337465566,orbslam3,BACKUP_ORB_SLAM3,1.0,2,False,True,True,,False,True
1723528257.911172,26.484193568204923,40.96453769153467,-0.6386546141023157,-0.016202288229197764,0.0036580548882549904,0.9209823662176299,0.3892500296811141,orbslam3,BACKUP_ORB_SLAM3,1.0,2,False,True,True,,False,True
1723528258.0445232,26.274192247754293,41.30757624860854,-0.6338759127919078,-0.015095034482271947,0.0022989557495592342,0.9207830256448633,0.38977618503537576,orbslam3,BACKUP_ORB_SLAM3,1.0,2,False,True,True,,False,True
1723528258.2112508,26.018237063599493,41.710420996865764,-0.6238462776443687,-0.014073010497081269,0.0010795490668657009,0.9202409336290894,0.39109769754221696,orbslam3,BACKUP_ORB_SLAM3,1.0,2,False,True,True,,False,True
1723528258.3781388,25.74891678309816,42.129742337710134,-0.6044118563144505,-0.014147029521805481,0.001090086551969056,0.9197939716343566,0.39214502803441875,orbslam3,BACKUP_ORB_SLAM3,1.0,2,False,True,True,,False,True
1723528258.511657,25.513044997748832,42.51545563627258,-0.592760679650923,-0.013381574826814038,0.000625648578442089,0.9199325717111233,0.3918476815345089,orbslam3,BACKUP_ORB_SLAM3,1.0,2,False,True,True,,False,True
1723528258.6451817,25.29448175837892,42.84186715062352,-0.5900738403941514,-0.014314572213994022,-0.0002304460601751299,0.9194357082208311,0.39297966660554173,orbslam3,BACKUP_ORB_SLAM3,1.0,2,False,True,True,,False,True
1723528258.7787132,25.120868698775368,43.16624447775398,-0.5682823432099813,-0.015152116910139674,0.0014573283367448002,0.9191972468539596,0.3935031269549977,orbslam3,BACKUP_ORB_SLAM3,1.0,2,False,True,True,,False,True
1723528258.9456372,24.85166709282031,43.57980110272672,-0.5522171941497436,-0.01538005530955425,0.002301702048255983,0.9187386651364503,0.394559781591649,orbslam3,BACKUP_ORB_SLAM3,1.0,2,False,True,True,,False,True
1723528259.0791833,24.652783743128236,43.90176103685526,-0.5552148863463926,-0.014711967682733565,0.0028960312935215524,0.9190945046855179,0.3937517777312652,orbslam3,BACKUP_ORB_SLAM3,1.0,2,False,True,True,,False,True
1723528259.246045,24.393680823695295,44.30404745266717,-0.5463197141020641,-0.014728500651594253,0.0017153754951496258,0.9192049707675966,0.39350012766403086,orbslam3,BACKUP_ORB_SLAM3,1.0,2,False,True,True,,False,True
